Date,000001.SZ,000002.SZ,000008.SZ,000060.SZ,000063.SZ
2010-01-04,8.01,8.55,1.41,13.59,19.68
2010-01-05,7.87,8.36,1.41,14.24,20.05
2010-01-06,7.73,8.36,1.41,14.55,19.64
2010-01-07,7.65,8.3,1.41,14.24,18.73
2010-01-08,7.63,8.35,1.41,14.07,18.81
2010-01-11,7.63,8.22,1.41,14.09,18.86
2010-01-12,7.58,8.3,1.41,14.26,20.21
2010-01-13,7.08,8.1,1.41,12.98,21.07
2010-01-14,7.08,8.09,1.41,13.12,20.92
2010-01-15,7.24,8.18,1.41,13.11,20.51
2010-01-18,7.25,8.14,1.41,13.01,21.29
2010-01-19,7.51,8.12,1.41,13.33,20.59
2010-01-20,7.22,7.88,1.34,12.67,19.79
2010-01-21,7.66,7.91,1.27,12.49,19.79
2010-01-22,7.8,7.71,1.25,12.0,19.1
2010-01-25,7.49,7.68,1.19,12.0,19.09
2010-01-26,7.45,7.44,1.13,11.65,19.02
2010-01-27,7.4,7.5,1.1,11.35,18.82
2010-01-28,7.35,7.59,1.1,10.89,18.73
2010-01-29,7.33,7.54,1.11,10.88,18.83
2010-02-01,7.17,7.59,1.14,10.96,18.25
2010-02-02,7.22,7.49,1.14,11.04,17.91
2010-02-03,7.63,7.63,1.14,11.55,18.3
2010-02-04,7.5,7.59,1.14,11.22,18.64
2010-02-05,7.43,7.42,1.16,10.65,18.51
2010-02-08,7.28,7.36,1.16,10.76,18.64
2010-02-09,7.43,7.34,1.16,10.99,18.39
2010-02-10,7.53,7.43,1.17,11.09,18.84
2010-02-11,7.47,7.49,1.17,11.19,18.56
2010-02-12,7.58,7.56,1.19,11.37,18.43
2010-02-22,7.46,7.47,1.18,11.39,18.43
2010-02-23,7.28,7.37,1.18,11.09,19.05
2010-02-24,7.33,7.45,1.2,11.28,19.88
2010-02-25,7.48,7.65,1.23,11.47,19.93
2010-02-26,7.58,7.61,1.27,11.24,20.0
2010-03-01,7.58,7.62,1.3,11.57,19.94
2010-03-02,7.81,7.76,1.36,11.25,19.9
2010-03-03,7.87,7.73,1.37,11.37,20.0
2010-03-04,7.8,7.58,1.32,11.03,19.51
2010-03-05,7.86,7.55,1.35,11.26,19.53
2010-03-08,8.06,7.58,1.4,11.3,19.28
2010-03-09,8.05,7.76,1.42,11.37,19.13
2010-03-10,7.9,7.65,1.39,11.34,19.15
2010-03-11,7.99,7.67,1.38,11.17,19.25
2010-03-12,7.74,7.55,1.33,11.0,18.63
2010-03-15,7.56,7.46,1.33,10.72,18.17
2010-03-16,7.62,7.48,1.34,10.72,18.34
2010-03-17,7.83,7.62,1.37,11.01,18.71
2010-03-18,7.79,7.7,1.39,11.04,18.76
2010-03-19,7.78,7.76,1.42,11.44,18.69
2010-03-22,7.82,7.68,1.41,11.48,18.58
2010-03-23,7.71,7.68,1.41,11.68,18.35
2010-03-24,7.7,7.59,1.43,11.63,18.51
2010-03-25,7.53,7.46,1.41,11.34,18.59
2010-03-26,7.7,7.51,1.41,11.65,18.77
2010-03-29,7.96,7.7,1.48,12.47,18.78
2010-03-30,7.99,7.66,1.49,12.78,18.78
2010-03-31,7.84,7.67,1.5,12.59,18.43
2010-04-01,7.9,7.85,1.51,13.01,18.34
2010-04-02,7.91,7.88,1.58,12.99,17.49
2010-04-06,7.89,7.75,1.64,13.13,17.87
2010-04-07,7.72,7.63,1.63,12.98,18.01
2010-04-08,7.62,7.54,1.63,12.6,17.82
2010-04-09,7.65,7.58,1.65,13.02,18.34
2010-04-12,7.46,7.42,1.64,13.08,19.08
2010-04-13,7.57,7.46,1.58,13.5,18.95
2010-04-14,7.51,7.43,1.6,13.59,18.64
2010-04-15,7.57,7.35,1.6,13.48,18.58
2010-04-16,7.43,7.3,1.6,13.48,18.6
2010-04-19,6.78,6.7,1.6,12.14,17.86
2010-04-20,6.68,6.48,1.56,12.21,17.8
2010-04-21,6.8,6.54,1.59,12.58,17.94
2010-04-22,6.62,6.38,1.67,12.58,17.58
2010-04-23,6.81,6.4,1.62,12.55,17.13
2010-04-26,6.73,6.29,1.54,12.36,17.69
2010-04-27,6.7,6.21,1.46,12.11,18.01
2010-04-28,6.8,6.28,1.48,11.72,18.06
2010-04-29,6.81,6.26,1.46,11.72,17.56
2010-04-30,6.94,6.29,1.41,11.61,16.15
2010-05-04,6.75,6.01,1.42,11.23,15.98
2010-05-05,6.72,6.04,1.45,10.42,15.63
2010-05-06,6.21,5.79,1.44,9.5,14.82
2010-05-07,6.17,5.83,1.42,9.01,14.85
2010-05-10,6.22,5.89,1.49,9.73,14.95
2010-05-11,5.9,5.85,1.5,9.96,14.94
2010-05-12,6.12,5.92,1.58,10.31,14.78
2010-05-13,6.31,5.95,1.58,10.74,15.44
2010-05-14,6.2,5.9,1.58,10.92,15.3
2010-05-17,5.89,5.58,1.58,10.1,14.52
2010-05-18,6.07,5.98,1.58,10.68,14.78
2010-05-19,6.0,5.92,1.58,10.56,14.89
2010-05-20,5.93,5.79,1.58,10.69,14.65
2010-05-21,6.02,6.02,1.58,11.13,14.75
2010-05-24,6.21,6.28,1.58,11.65,15.23
2010-05-25,6.01,6.03,1.58,11.31,14.95
2010-05-26,6.05,6.07,1.58,11.39,15.23
2010-05-27,6.1,6.14,1.58,11.75,15.46
2010-05-28,6.11,6.06,1.58,11.54,15.66
2010-05-31,5.91,5.88,1.58,10.92,15.2
2010-06-01,5.84,5.84,1.58,10.87,14.65
2010-06-02,5.82,5.93,1.58,10.92,15.18
2010-06-03,5.82,5.86,1.58,10.96,15.18
2010-06-04,5.84,5.94,1.58,10.92,14.76
2010-06-07,5.71,5.8,1.58,10.57,13.79
2010-06-08,5.64,5.79,1.58,10.65,13.75
2010-06-09,5.97,5.95,1.58,11.16,14.06
2010-06-10,5.78,5.83,1.58,11.07,13.92
2010-06-11,5.79,5.81,1.5,11.24,13.91
2010-06-17,5.79,5.79,1.43,11.12,14.19
2010-06-18,5.85,5.76,1.35,10.69,13.96
2010-06-21,6.18,5.98,1.29,11.22,14.32
2010-06-22,6.26,5.94,1.31,11.08,14.26
2010-06-23,6.2,5.87,1.28,10.92,14.11
2010-06-24,6.26,5.91,1.28,10.89,13.93
2010-06-25,6.12,5.83,1.24,10.69,13.92
2010-06-28,6.24,5.8,1.2,10.59,13.2
2010-06-29,5.91,5.58,1.14,9.85,12.4
2010-06-30,5.91,5.53,1.13,9.68,12.63
2010-07-01,5.91,5.45,1.1,9.62,12.62
2010-07-02,5.91,5.65,1.15,9.39,12.63
2010-07-05,5.91,5.69,1.14,9.48,12.13
2010-07-06,5.91,5.76,1.15,9.8,12.38
2010-07-07,5.91,5.75,1.17,9.79,12.62
2010-07-08,5.91,5.76,1.17,9.91,12.44
2010-07-09,5.91,5.9,1.19,10.22,13.13
2010-07-12,5.91,6.23,1.2,10.26,13.26
2010-07-13,5.91,6.08,1.18,9.92,13.28
2010-07-14,5.91,6.03,1.18,10.12,13.52
2010-07-15,5.91,6.13,1.16,9.88,13.31
2010-07-16,5.91,6.21,1.17,10.02,13.34
2010-07-19,5.91,6.31,1.18,10.32,13.75
2010-07-20,5.91,6.37,1.2,10.89,14.35
2010-07-21,5.91,6.32,1.22,10.81,14.29
2010-07-22,5.91,6.48,1.22,11.21,14.65
2010-07-23,5.91,6.52,1.24,11.28,14.96
2010-07-26,5.91,6.53,1.25,11.34,14.87
2010-07-27,5.91,6.59,1.23,11.13,14.57
2010-07-28,5.91,6.77,1.26,11.4,15.03
2010-07-29,5.91,6.77,1.27,11.52,14.84
2010-07-30,5.91,6.76,1.27,11.32,14.93
2010-08-02,5.91,6.78,1.28,11.66,15.2
2010-08-03,5.91,6.73,1.26,11.37,15.1
2010-08-04,5.91,6.72,1.27,11.37,15.26
2010-08-05,5.91,6.51,1.25,11.16,15.18
2010-08-06,5.91,6.52,1.31,11.51,15.58
2010-08-09,5.91,6.49,1.3,11.78,15.72
2010-08-10,5.91,6.49,1.27,11.37,15.58
2010-08-11,5.91,6.78,1.27,11.26,15.22
2010-08-12,5.91,6.9,1.26,11.02,14.08
2010-08-13,5.91,7.21,1.29,11.31,14.05
2010-08-16,5.91,7.25,1.3,11.58,14.64
2010-08-17,5.91,7.29,1.3,11.47,15.1
2010-08-18,5.91,7.17,1.31,11.97,14.94
2010-08-19,5.91,7.13,1.33,12.22,14.89
2010-08-20,5.91,7.05,1.3,11.72,14.67
2010-08-23,5.91,6.92,1.32,11.72,14.91
2010-08-24,5.91,7.22,1.34,11.78,15.48
2010-08-25,5.91,6.93,1.34,11.39,15.09
2010-08-26,5.91,6.95,1.4,11.47,15.09
2010-08-27,5.91,6.88,1.45,11.41,15.2
2010-08-30,5.91,6.91,1.44,11.91,15.68
2010-08-31,5.91,6.86,1.42,11.92,16.31
2010-09-01,5.91,6.91,1.4,11.61,16.41
2010-09-02,6.14,6.99,1.42,11.93,16.5
2010-09-03,6.0,6.93,1.43,11.94,17.22
2010-09-06,6.15,7.08,1.47,12.14,17.29
2010-09-07,6.09,7.16,1.49,12.48,17.33
2010-09-08,5.96,6.99,1.48,12.85,17.55
2010-09-09,5.82,6.75,1.47,12.46,17.25
2010-09-10,5.81,6.65,1.5,12.27,17.25
2010-09-13,5.77,6.81,1.51,12.46,17.97
2010-09-14,5.8,6.77,1.5,12.51,19.23
2010-09-15,5.71,6.65,1.45,12.17,18.88
2010-09-16,5.62,6.55,1.39,11.69,18.43
2010-09-17,5.62,6.59,1.45,11.81,18.39
2010-09-20,5.64,6.58,1.43,11.61,17.95
2010-09-21,5.61,6.64,1.48,11.54,17.42
2010-09-27,5.64,6.62,1.48,12.17,17.72
2010-09-28,5.49,6.43,1.49,12.34,16.64
2010-09-29,5.48,6.37,1.49,12.34,16.23
2010-09-30,5.48,6.85,1.51,12.72,16.18
2010-10-08,5.82,6.88,1.55,12.72,17.23
2010-10-11,6.09,7.21,1.54,13.99,17.0
2010-10-12,6.07,7.17,1.53,15.39,17.17
2010-10-13,6.26,7.66,1.54,16.54,17.17
2010-10-14,6.19,7.66,1.47,17.06,16.75
2010-10-15,6.47,7.79,1.43,16.97,16.87
2010-10-18,6.47,7.85,1.39,15.52,17.38
2010-10-19,6.6,7.75,1.44,16.06,18.05
2010-10-20,6.58,7.27,1.44,15.88,18.66
2010-10-21,6.37,7.25,1.43,15.88,18.47
2010-10-22,6.26,7.25,1.46,17.34,18.94
2010-10-25,6.39,7.5,1.48,18.61,19.66
2010-10-26,6.3,7.66,1.46,18.01,19.45
2010-10-27,6.27,7.85,1.45,17.43,18.47
2010-10-28,6.34,8.04,1.46,17.08,18.35
2010-10-29,6.22,7.91,1.46,16.9,18.15
2010-11-01,6.27,7.86,1.53,17.9,18.45
2010-11-02,6.3,7.87,1.51,18.05,18.24
2010-11-03,6.43,8.02,1.51,16.84,18.24
2010-11-04,6.39,7.95,1.57,17.12,19.27
2010-11-05,6.39,7.94,1.57,17.61,18.91
2010-11-08,6.46,8.07,1.61,17.32,18.49
2010-11-09,6.3,7.75,1.59,17.66,18.42
2010-11-10,6.12,7.46,1.6,19.04,18.28
2010-11-11,6.23,7.48,1.57,18.54,18.28
2010-11-12,5.81,6.95,1.49,17.32,16.71
2010-11-15,5.85,6.95,1.49,16.75,16.73
2010-11-16,5.64,6.65,1.46,15.19,16.44
2010-11-17,5.67,6.67,1.46,14.51,16.28
2010-11-18,5.8,6.74,1.46,15.04,16.42
2010-11-19,5.75,6.72,1.5,14.95,17.35
2010-11-22,5.63,6.6,1.5,15.17,18.38
2010-11-23,5.59,6.46,1.47,14.39,18.46
2010-11-24,5.66,6.59,1.47,14.62,18.57
2010-11-25,5.72,6.85,1.48,15.13,18.35
2010-11-26,5.64,6.71,1.5,14.72,17.74
2010-11-29,5.65,6.66,1.49,14.2,17.44
2010-11-30,5.54,6.63,1.42,14.35,17.44
2010-12-01,5.57,6.7,1.44,15.02,17.11
2010-12-02,5.58,6.74,1.45,15.18,17.64
2010-12-03,5.6,6.92,1.44,15.29,17.3
2010-12-06,5.65,6.92,1.42,15.2,17.65
2010-12-07,5.65,7.06,1.44,15.47,17.86
2010-12-08,5.57,6.92,1.44,15.37,17.82
2010-12-09,5.47,6.66,1.39,15.37,17.82
2010-12-10,5.52,6.6,1.39,15.66,18.31
2010-12-13,5.61,6.85,1.41,16.76,19.33
2010-12-14,5.59,6.86,1.42,17.26,19.56
2010-12-15,5.6,6.81,1.43,16.72,18.85
2010-12-16,5.56,6.87,1.43,16.29,19.06
2010-12-17,5.52,6.85,1.46,16.41,18.66
2010-12-20,5.45,6.77,1.42,15.94,18.28
2010-12-21,5.6,7.44,1.43,16.27,19.01
2010-12-22,5.48,7.34,1.41,16.32,18.91
2010-12-23,5.48,7.21,1.39,16.15,18.32
2010-12-24,5.55,7.35,1.38,15.67,17.88
2010-12-27,5.43,7.13,1.35,15.34,17.23
2010-12-28,5.39,6.79,1.3,15.3,17.08
2010-12-29,5.33,6.77,1.32,15.26,17.44
2010-12-30,5.29,6.64,1.31,15.92,17.57
2010-12-31,5.33,6.7,1.37,16.83,17.92
2011-01-04,5.41,7.17,1.39,17.34,17.86
2011-01-05,5.38,7.2,1.39,16.84,17.47
2011-01-06,5.34,7.21,1.37,16.84,17.5
2011-01-07,5.54,7.25,1.38,16.35,17.63
2011-01-10,5.4,7.13,1.33,15.83,17.73
2011-01-11,5.47,7.36,1.36,16.01,17.86
2011-01-12,5.54,7.39,1.39,15.71,17.74
2011-01-13,5.52,7.29,1.39,15.55,17.57
2011-01-14,5.4,7.38,1.39,14.98,17.25
2011-01-17,5.19,6.86,1.37,15.06,16.33
2011-01-18,5.18,6.81,1.37,14.78,16.25
2011-01-19,5.23,6.96,1.39,15.37,16.42
2011-01-20,5.04,6.64,1.38,14.63,15.72
2011-01-21,5.12,6.83,1.38,14.36,15.55
2011-01-24,5.08,6.89,1.38,13.99,16.02
2011-01-25,5.12,6.92,1.33,13.32,15.71
2011-01-26,5.15,6.94,1.34,13.5,16.02
2011-01-27,5.18,6.77,1.35,13.95,16.58
2011-01-28,5.13,6.73,1.35,14.07,16.79
2011-01-31,5.17,6.69,1.38,14.36,17.32
2011-02-01,5.21,6.67,1.42,14.54,17.09
2011-02-09,5.15,6.54,1.41,14.0,17.79
2011-02-10,5.22,6.67,1.42,14.36,18.05
2011-02-11,5.24,6.73,1.42,14.52,18.29
2011-02-14,5.4,7.01,1.43,15.1,18.89
2011-02-15,5.34,7.0,1.43,15.37,18.61
2011-02-16,5.36,6.95,1.45,15.67,19.06
2011-02-17,5.4,6.82,1.46,15.56,19.04
2011-02-18,5.4,6.81,1.44,15.21,18.75
2011-02-21,5.39,6.85,1.46,15.67,20.63
2011-02-22,5.22,6.62,1.48,15.08,20.55
2011-02-23,5.26,6.64,1.46,15.22,20.99
2011-02-24,5.26,6.66,1.5,15.78,20.33
2011-02-25,5.37,6.63,1.5,15.6,20.16
2011-02-28,5.38,6.65,1.5,15.61,21.2
2011-03-01,5.42,6.77,1.5,15.75,20.78
2011-03-02,5.46,6.69,1.5,15.46,20.52
2011-03-03,5.54,6.68,1.5,15.0,20.22
2011-03-04,5.63,6.8,1.5,15.27,20.43
2011-03-07,5.65,6.83,1.5,15.74,20.44
2011-03-08,5.62,6.95,1.5,15.97,20.29
2011-03-09,5.64,6.95,1.5,15.78,21.01
2011-03-10,5.49,6.93,1.5,15.29,20.87
2011-03-11,5.42,6.79,1.5,15.02,20.8
2011-03-14,5.46,6.77,1.5,14.86,21.96
2011-03-15,5.35,6.67,1.5,14.61,21.28
2011-03-16,5.39,6.73,1.5,15.08,22.18
2011-03-17,5.31,6.67,1.5,14.75,21.07
2011-03-18,5.35,6.69,1.5,14.74,20.74
2011-03-21,5.33,6.77,1.5,14.46,20.16
2011-03-22,5.41,6.77,1.43,14.72,20.42
2011-03-23,5.44,6.93,1.38,14.9,20.55
2011-03-24,5.4,6.92,1.38,14.74,20.69
2011-03-25,5.49,7.11,1.39,15.02,20.52
2011-03-28,5.52,7.12,1.39,15.35,19.89
2011-03-29,5.57,7.08,1.39,14.9,19.4
2011-03-30,5.53,7.08,1.38,15.43,19.44
2011-03-31,5.43,7.08,1.35,15.56,19.69
2011-04-01,5.6,7.19,1.39,15.49,19.69
2011-04-06,5.74,7.29,1.39,15.94,19.2
2011-04-07,5.81,7.46,1.4,15.88,19.1
2011-04-08,5.8,7.46,1.42,16.18,19.41
2011-04-11,5.75,7.19,1.41,16.01,18.83
2011-04-12,5.76,7.22,1.41,15.49,18.66
2011-04-13,6.1,7.28,1.42,15.57,19.34
2011-04-14,6.14,7.17,1.45,15.45,19.04
2011-04-15,6.33,7.26,1.45,15.45,18.97
2011-04-18,6.37,7.3,1.5,15.24,19.02
2011-04-19,6.22,7.16,1.5,14.72,18.64
2011-04-20,6.1,7.04,1.51,14.88,19.14
2011-04-21,6.12,7.08,1.5,14.88,19.27
2011-04-22,6.03,6.97,1.5,15.06,18.9
2011-04-25,6.11,6.95,1.43,14.67,18.84
2011-04-26,6.22,6.97,1.39,14.44,18.7
2011-04-27,6.17,6.85,1.41,14.28,18.74
2011-04-28,6.29,6.77,1.38,14.17,17.86
2011-04-29,6.15,6.91,1.41,14.25,18.11
2011-05-03,6.15,6.93,1.42,14.07,18.11
2011-05-04,6.03,6.79,1.41,13.82,17.24
2011-05-05,5.99,6.81,1.41,13.6,17.21
2011-05-06,5.92,6.77,1.43,13.12,17.61
2011-05-09,5.92,6.77,1.44,13.2,17.8
2011-05-10,5.92,6.78,1.46,13.47,18.05
2011-05-11,5.92,6.76,1.46,13.35,17.99
2011-05-12,5.92,6.72,1.46,12.8,17.45
2011-05-13,5.97,6.77,1.47,13.11,17.33
2011-05-16,5.79,6.82,1.48,12.86,17.32
2011-05-17,6.03,6.85,1.45,13.16,17.32
2011-05-18,6.12,6.86,1.45,13.19,17.63
2011-05-19,6.06,6.73,1.46,13.01,17.91
2011-05-20,6.19,6.72,1.46,13.03,17.73
2011-05-23,6.05,6.55,1.39,12.48,17.12
2011-05-24,6.13,6.55,1.36,12.6,17.27
2011-05-25,6.13,6.42,1.35,12.47,16.75
2011-05-26,6.01,6.44,1.34,12.37,16.74
2011-05-27,5.94,6.52,1.29,12.2,16.8
2011-05-30,5.93,6.44,1.27,12.07,16.9
2011-05-31,5.96,6.47,1.3,12.27,17.06
2011-06-01,5.89,6.46,1.28,12.74,17.14
2011-06-02,5.64,6.37,1.25,12.55,16.69
2011-06-03,5.64,6.43,1.28,12.65,17.25
2011-06-07,5.69,6.45,1.3,12.89,17.59
2011-06-08,5.64,6.69,1.32,12.87,17.4
2011-06-09,5.59,6.52,1.33,12.44,17.25
2011-06-10,5.58,6.61,1.32,12.45,17.2
2011-06-13,5.51,6.52,1.31,12.38,16.87
2011-06-14,5.58,6.75,1.33,12.74,17.53
2011-06-15,5.49,6.66,1.32,12.62,17.5
2011-06-16,5.39,6.6,1.29,12.37,17.18
2011-06-17,5.37,6.65,1.28,12.2,17.19
2011-06-20,5.41,6.75,1.29,12.02,16.67
2011-06-21,5.5,6.83,1.3,12.23,17.0
2011-06-22,5.49,6.79,1.29,12.24,16.83
2011-06-23,5.61,6.83,1.31,12.45,17.4
2011-06-24,5.74,6.92,1.36,12.79,17.69
2011-06-27,5.77,6.85,1.36,12.81,17.78
2011-06-28,5.76,6.86,1.36,13.0,18.07
2011-06-29,5.62,6.84,1.42,12.66,18.19
2011-06-30,5.77,6.98,1.42,12.95,18.57
2011-07-01,5.72,7.17,1.43,13.08,18.57
2011-07-04,5.93,7.19,1.44,13.62,18.81
2011-07-05,5.88,7.3,1.42,13.61,18.45
2011-07-06,5.82,7.28,1.43,13.62,18.69
2011-07-07,5.84,7.24,1.44,13.66,18.58
2011-07-08,5.92,7.28,1.46,13.5,18.7
2011-07-11,5.88,7.23,1.48,13.38,18.53
2011-07-12,5.74,7.02,1.46,13.0,18.14
2011-07-13,5.92,7.11,1.48,13.34,18.5
2011-07-14,5.94,7.08,1.48,13.63,18.34
2011-07-15,6.08,6.96,1.48,13.67,18.81
2011-07-18,6.06,6.9,1.5,13.44,18.99
2011-07-19,5.92,7.01,1.45,13.5,18.68
2011-07-20,5.92,6.99,1.45,13.5,18.34
2011-07-21,5.8,6.94,1.47,13.5,17.83
2011-07-22,5.81,6.95,1.48,13.3,17.69
2011-07-25,5.7,6.72,1.42,12.66,17.15
2011-07-26,5.82,6.77,1.43,12.66,17.22
2011-07-27,5.8,6.72,1.45,12.95,17.45
2011-07-28,5.69,6.7,1.45,13.01,17.5
2011-07-29,5.86,6.73,1.45,12.72,17.21
2011-08-01,5.81,6.85,1.5,12.76,17.38
2011-08-02,5.74,6.83,1.49,12.52,17.33
2011-08-03,5.69,6.89,1.48,12.53,17.07
2011-08-04,5.7,6.86,1.5,12.53,16.94
2011-08-05,5.51,6.75,1.46,12.04,16.13
2011-08-08,5.4,6.66,1.39,12.04,15.66
2011-08-09,5.41,6.85,1.35,11.37,15.46
2011-08-10,5.43,6.97,1.37,11.35,15.29
2011-08-11,5.55,7.06,1.41,11.45,14.3
2011-08-12,5.62,6.96,1.42,11.48,14.4
2011-08-15,5.79,7.02,1.42,11.64,14.6
2011-08-16,5.76,6.9,1.41,11.49,14.53
2011-08-17,5.76,6.79,1.41,11.26,14.6
2011-08-18,5.65,6.72,1.38,11.12,14.35
2011-08-19,5.61,6.72,1.35,10.95,14.1
2011-08-22,5.55,6.67,1.34,10.89,14.07
2011-08-23,5.62,6.79,1.38,11.05,14.21
2011-08-24,5.54,6.74,1.38,10.98,14.41
2011-08-25,5.86,6.97,1.38,11.45,14.83
2011-08-26,5.87,6.92,1.39,11.64,15.07
2011-08-29,5.65,6.75,1.43,11.44,14.92
2011-08-30,5.63,6.72,1.39,11.53,14.67
2011-08-31,5.69,6.73,1.4,11.67,14.85
2011-09-01,5.72,6.72,1.43,11.49,15.35
2011-09-02,5.72,6.69,1.4,11.28,14.92
2011-09-05,5.56,6.63,1.36,11.0,14.31
2011-09-06,5.53,6.61,1.37,11.01,13.93
2011-09-07,5.63,6.7,1.39,11.39,14.18
2011-09-08,5.6,6.69,1.4,11.29,14.19
2011-09-09,5.57,6.67,1.4,11.38,14.05
2011-09-13,5.58,6.66,1.4,11.22,14.17
2011-09-14,5.55,6.67,1.41,11.22,14.26
2011-09-15,5.59,6.68,1.41,11.48,14.54
2011-09-16,5.74,6.66,1.4,11.29,14.84
2011-09-19,5.61,6.42,1.36,11.02,14.75
2011-09-20,5.65,6.37,1.35,11.18,14.65
2011-09-21,5.76,6.5,1.39,11.57,15.24
2011-09-22,5.64,6.16,1.36,11.12,14.9
2011-09-23,5.61,6.11,1.35,11.03,14.69
2011-09-26,5.42,5.9,1.33,10.79,14.8
2011-09-27,5.46,5.92,1.35,10.84,15.32
2011-09-28,5.4,5.85,1.31,10.52,15.44
2011-09-29,5.42,5.93,1.24,9.99,15.08
2011-09-30,5.42,5.98,1.2,10.06,15.04
2011-10-10,5.24,5.78,1.18,10.02,14.57
2011-10-11,5.29,5.81,1.18,10.02,13.57
2011-10-12,5.53,6.06,1.23,10.29,13.78
2011-10-13,5.52,6.09,1.23,10.38,13.83
2011-10-14,5.53,6.07,1.23,10.25,13.71
2011-10-17,5.59,6.06,1.29,10.19,13.87
2011-10-18,5.41,5.94,1.26,9.8,13.35
2011-10-19,5.42,5.86,1.23,9.67,12.9
2011-10-20,5.34,5.8,1.21,9.18,12.65
2011-10-21,5.41,5.76,1.21,9.09,12.73
2011-10-24,5.58,5.94,1.2,9.38,13.05
2011-10-25,5.62,6.11,1.25,9.83,13.49
2011-10-26,5.66,6.33,1.23,9.97,13.85
2011-10-27,5.65,6.33,1.23,9.94,13.89
2011-10-28,5.75,6.53,1.26,10.27,14.19
2011-10-31,5.7,6.61,1.25,10.31,14.18
2011-11-01,5.69,6.41,1.25,10.11,14.36
2011-11-02,5.78,6.52,1.25,10.13,14.91
2011-11-03,5.7,6.41,1.26,10.24,14.9
2011-11-04,5.73,6.47,1.26,10.46,15.18
2011-11-07,5.65,6.34,1.25,10.31,15.24
2011-11-08,5.65,6.34,1.26,10.31,14.61
2011-11-09,5.72,6.33,1.27,10.38,14.66
2011-11-10,5.67,6.25,1.28,10.05,14.52
2011-11-11,5.6,6.21,1.29,10.07,14.46
2011-11-14,5.65,6.3,1.3,10.3,14.85
2011-11-15,5.56,6.23,1.3,10.28,15.14
2011-11-16,5.41,6.02,1.26,9.88,14.87
2011-11-17,5.4,6.03,1.26,9.8,15.08
2011-11-18,5.39,5.85,1.24,9.45,14.73
2011-11-21,5.39,5.85,1.19,9.55,14.81
2011-11-22,5.42,5.87,1.19,9.49,14.81
2011-11-23,5.32,5.85,1.2,9.38,14.81
2011-11-24,5.35,5.99,1.2,9.39,14.85
2011-11-25,5.33,5.86,1.19,9.4,14.69
2011-11-28,5.33,5.84,1.21,9.4,14.49
2011-11-29,5.39,5.92,1.2,9.54,14.45
2011-11-30,5.24,5.83,1.14,9.11,13.83
2011-12-01,5.36,6.1,1.16,9.47,13.99
2011-12-02,5.39,6.09,1.11,9.35,13.82
2011-12-05,5.39,6.02,1.07,9.23,13.53
2011-12-06,5.39,6.11,1.06,9.18,13.65
2011-12-07,5.42,6.13,1.06,9.17,14.08
2011-12-08,5.38,6.18,1.04,9.17,14.32
2011-12-09,5.35,6.23,1.04,9.09,14.13
2011-12-12,5.35,6.03,1.07,9.1,14.13
2011-12-13,5.3,5.92,1.02,8.67,13.76
2011-12-14,5.27,5.86,0.97,8.68,13.69
2011-12-15,5.08,5.95,0.92,8.11,13.24
2011-12-16,5.16,6.14,0.91,8.36,13.57
2011-12-19,5.18,6.14,0.9,8.16,13.89
2011-12-20,5.18,6.19,0.92,8.14,13.94
2011-12-21,5.18,6.03,0.87,7.98,13.96
2011-12-22,5.22,6.13,0.84,7.89,13.89
2011-12-23,5.21,6.24,0.85,7.89,13.97
2011-12-26,5.21,6.22,0.85,7.88,13.91
2011-12-27,5.23,6.09,0.81,7.77,13.45
2011-12-28,5.17,6.06,0.77,7.93,13.33
2011-12-29,5.17,6.05,0.78,7.85,13.4
2011-12-30,5.27,6.17,0.8,8.01,13.45
2012-01-04,5.12,6.05,0.76,7.78,13.37
2012-01-05,5.2,5.99,0.73,7.65,13.29
2012-01-06,5.18,5.91,0.73,7.74,12.95
2012-01-09,5.33,6.12,0.77,8.08,13.3
2012-01-10,5.33,6.22,0.81,8.67,13.89
2012-01-11,5.33,6.16,0.81,8.63,13.9
2012-01-12,5.33,6.21,0.81,8.78,14.0
2012-01-13,5.33,6.16,0.78,8.59,13.53
2012-01-16,5.33,6.09,0.74,8.24,13.25
2012-01-17,5.33,6.26,0.77,9.06,13.81
2012-01-18,5.33,6.2,0.74,8.88,13.29
2012-01-19,5.33,6.43,0.75,9.49,11.96
2012-01-20,5.67,6.52,0.77,9.44,12.22
2012-01-30,5.64,6.23,0.77,9.32,11.82
2012-01-31,5.62,6.32,0.81,9.29,11.78
2012-02-01,5.56,6.24,0.8,8.85,11.75
2012-02-02,5.71,6.34,0.84,9.13,12.0
2012-02-03,5.74,6.43,0.89,9.14,12.14
2012-02-06,5.68,6.29,0.89,9.1,12.38
2012-02-07,5.6,6.09,0.89,9.01,12.18
2012-02-08,5.71,6.27,0.89,9.91,12.48
2012-02-09,5.71,6.36,0.89,9.78,12.26
2012-02-10,5.71,6.48,0.89,9.75,12.43
2012-02-13,5.63,6.36,0.89,9.86,12.38
2012-02-14,5.61,6.36,0.89,9.75,12.21
2012-02-15,5.61,6.46,0.89,9.82,12.94
2012-02-16,5.56,6.43,0.89,9.79,13.2
2012-02-17,5.56,6.43,0.89,9.78,13.13
2012-02-20,5.56,6.47,0.89,9.78,13.08
2012-02-21,5.57,6.54,0.89,9.83,13.22
2012-02-22,5.61,6.76,0.89,9.91,13.72
2012-02-23,5.62,6.76,0.89,9.95,13.76
2012-02-24,5.7,7.03,0.89,10.11,13.75
2012-02-27,5.71,7.08,0.89,10.16,13.91
2012-02-28,5.83,7.04,0.89,10.42,13.68
2012-02-29,5.78,6.84,0.89,10.42,13.65
2012-03-01,5.82,6.85,0.89,10.28,13.61
2012-03-02,5.9,7.13,0.89,10.44,13.87
2012-03-05,5.83,7.03,0.89,10.08,13.68
2012-03-06,5.72,6.96,0.89,9.77,13.52
2012-03-07,5.67,6.96,0.89,9.64,13.48
2012-03-08,5.75,7.11,0.89,9.9,13.43
2012-03-09,5.7,7.1,0.89,10.06,13.73
2012-03-12,5.64,6.89,0.89,9.98,14.17
2012-03-13,5.69,7.04,0.89,10.03,14.27
2012-03-14,5.57,6.85,0.89,9.6,13.62
2012-03-15,5.49,6.78,0.89,9.31,13.98
2012-03-16,5.54,6.83,0.89,9.54,14.05
2012-03-19,5.52,6.79,0.93,9.78,14.45
2012-03-20,5.43,6.75,0.98,9.44,14.03
2012-03-21,5.44,6.75,1.03,9.72,13.95
2012-03-22,5.47,6.8,1.08,9.54,13.62
2012-03-23,5.41,6.7,1.13,9.27,13.29
2012-03-26,5.42,6.62,1.11,9.35,13.05
2012-03-27,5.43,6.62,1.08,9.32,13.17
2012-03-28,5.33,6.61,1.13,8.83,12.8
2012-03-29,5.26,6.76,1.08,8.46,12.8
2012-03-30,5.31,6.84,1.08,8.45,13.08
2012-04-05,5.32,6.9,1.02,8.74,13.37
2012-04-06,5.4,6.92,1.04,8.73,13.21
2012-04-09,5.32,6.79,1.04,8.61,12.93
2012-04-10,5.36,6.95,1.04,8.82,13.01
2012-04-11,5.35,7.01,1.02,8.8,13.01
2012-04-12,5.52,7.17,1.05,9.05,13.01
2012-04-13,5.51,7.08,1.1,9.25,13.21
2012-04-16,5.46,7.08,1.06,9.14,12.96
2012-04-17,5.4,6.91,1.06,9.05,12.82
2012-04-18,5.49,7.13,1.08,9.29,13.05
2012-04-19,5.53,7.09,1.06,9.25,13.39
2012-04-20,5.6,7.13,1.04,9.36,13.71
2012-04-23,5.55,7.1,0.99,9.17,13.77
2012-04-24,5.66,7.13,0.96,9.02,14.03
2012-04-25,5.69,7.33,0.99,9.24,14.02
2012-04-26,5.6,7.39,0.99,9.35,13.68
2012-04-27,5.59,7.41,1.0,9.2,13.39
2012-05-02,5.67,7.61,0.97,9.68,13.48
2012-05-03,5.62,7.46,0.99,9.75,13.53
2012-05-04,5.64,7.61,1.01,9.88,13.88
2012-05-07,5.61,7.49,1.06,9.85,13.93
2012-05-08,5.59,7.46,1.05,9.73,13.85
2012-05-09,5.46,7.37,1.08,9.42,13.53
2012-05-10,5.45,7.37,1.09,9.45,13.41
2012-05-11,5.41,7.37,1.08,9.37,13.17
2012-05-14,5.38,7.37,1.11,9.27,13.07
2012-05-15,5.41,7.36,1.14,9.1,13.47
2012-05-16,5.32,7.11,1.14,8.96,13.11
2012-05-17,5.38,7.17,1.14,9.11,13.23
2012-05-18,5.31,7.08,1.1,8.98,12.73
2012-05-21,5.33,7.16,1.12,9.05,12.41
2012-05-22,5.39,7.44,1.14,9.15,12.49
2012-05-23,5.39,7.47,1.15,8.98,12.44
2012-05-24,5.31,7.37,1.13,8.89,12.32
2012-05-25,5.28,7.31,1.12,8.89,12.32
2012-05-28,5.34,7.57,1.12,9.06,12.09
2012-05-29,5.38,7.65,1.12,9.22,12.43
2012-05-30,5.3,7.69,1.15,9.1,12.18
2012-05-31,5.3,7.64,1.16,9.15,12.15
2012-06-01,5.33,7.56,1.14,9.07,12.17
2012-06-04,5.2,7.46,1.15,8.81,11.77
2012-06-05,5.15,7.52,1.12,8.81,11.58
2012-06-06,5.17,7.41,1.12,8.87,11.38
2012-06-07,5.14,7.4,1.14,8.87,11.41
2012-06-08,5.0,7.37,1.13,8.7,11.44
2012-06-11,5.0,7.6,1.14,8.95,11.76
2012-06-12,4.91,7.61,1.16,8.8,11.39
2012-06-13,5.01,7.65,1.18,8.92,11.58
2012-06-14,4.94,7.66,1.16,8.81,11.76
2012-06-15,5.12,7.52,1.17,8.89,11.69
2012-06-18,5.14,7.59,1.16,9.02,11.9
2012-06-19,5.15,7.48,1.16,8.93,11.85
2012-06-20,5.14,7.46,1.22,8.94,12.0
2012-06-21,5.03,7.46,1.21,8.83,11.91
2012-06-25,4.99,7.23,1.24,8.52,11.5
2012-06-26,5.03,7.39,1.26,8.54,11.63
2012-06-27,5.02,7.39,1.33,8.49,11.5
2012-06-28,4.98,7.31,1.29,8.35,11.43
2012-06-29,5.12,7.36,1.31,8.39,11.11
2012-07-02,5.12,7.41,1.36,8.35,11.13
2012-07-03,5.11,7.53,1.33,8.28,11.14
2012-07-04,5.16,7.52,1.3,8.33,11.31
2012-07-05,5.13,7.78,1.28,8.26,11.16
2012-07-06,5.11,8.08,1.28,8.46,11.33
2012-07-09,4.97,8.09,1.28,8.2,10.99
2012-07-10,5.04,7.99,1.22,8.24,10.39
2012-07-11,5.02,7.87,1.2,8.3,10.37
2012-07-12,5.03,8.07,1.23,8.57,10.61
2012-07-13,5.06,8.26,1.24,8.55,10.36
2012-07-16,5.02,8.15,1.22,8.46,9.33
2012-07-17,5.08,8.21,1.22,8.51,9.07
2012-07-18,5.07,7.9,1.28,8.59,8.96
2012-07-19,5.07,7.91,1.28,8.59,9.09
2012-07-20,5.02,7.79,1.28,8.46,9.14
2012-07-23,5.0,7.71,1.26,8.11,9.27
2012-07-24,5.0,7.82,1.26,8.14,9.29
2012-07-25,4.94,7.62,1.22,8.07,9.12
2012-07-26,4.95,7.46,1.22,8.08,9.19
2012-07-27,4.98,7.52,1.22,8.15,9.3
2012-07-30,5.02,7.54,1.16,8.22,9.23
2012-07-31,5.1,7.73,1.1,8.19,9.24
2012-08-01,5.12,7.82,1.05,8.26,9.28
2012-08-02,5.12,7.29,1.06,8.1,9.12
2012-08-03,5.12,7.29,1.04,8.22,9.13
2012-08-06,5.1,7.34,1.07,8.45,9.15
2012-08-07,5.05,7.4,1.08,8.42,9.36
2012-08-08,5.08,7.48,1.08,8.44,9.3
2012-08-09,5.08,7.54,1.09,8.46,9.54
2012-08-10,5.09,7.36,1.11,8.41,9.36
2012-08-13,5.08,7.05,1.08,8.31,9.16
2012-08-14,5.15,7.19,1.07,8.44,9.31
2012-08-15,5.1,7.18,1.05,8.35,9.2
2012-08-16,5.04,7.24,1.06,8.38,9.24
2012-08-17,5.09,7.21,1.1,8.29,9.05
2012-08-20,5.02,7.12,1.13,8.2,8.99
2012-08-21,5.0,6.97,1.17,8.2,9.12
2012-08-22,4.95,6.82,1.23,8.08,9.07
2012-08-23,4.94,6.79,1.29,8.2,9.09
2012-08-24,4.85,6.8,1.25,8.05,8.83
2012-08-27,4.77,6.77,1.2,7.84,8.11
2012-08-28,4.85,6.7,1.26,7.91,7.92
2012-08-29,4.82,6.68,1.32,7.7,7.81
2012-08-30,4.82,6.69,1.28,7.51,8.08
2012-08-31,4.79,6.72,1.29,7.39,8.04
2012-09-03,4.8,6.94,1.28,7.4,7.98
2012-09-04,4.68,6.89,1.25,7.35,7.77
2012-09-05,4.6,6.97,1.24,7.27,7.83
2012-09-06,4.64,6.99,1.24,7.33,8.02
2012-09-07,4.8,7.2,1.27,7.78,8.35
2012-09-10,4.75,7.21,1.28,8.03,8.49
2012-09-11,4.74,7.1,1.25,7.94,8.51
2012-09-12,4.72,7.08,1.26,8.49,8.56
2012-09-13,4.69,7.05,1.25,8.13,8.72
2012-09-14,4.75,6.99,1.26,8.32,8.73
2012-09-17,4.63,6.75,1.24,8.05,8.35
2012-09-18,4.56,6.71,1.24,7.89,8.18
2012-09-19,4.51,6.73,1.24,8.13,8.32
2012-09-20,4.39,6.55,1.24,7.73,8.16
2012-09-21,4.35,6.54,1.24,7.89,8.26
2012-09-24,4.36,6.61,1.24,7.94,8.62
2012-09-25,4.3,6.63,1.24,7.84,8.49
2012-09-26,4.27,6.53,1.24,7.61,8.35
2012-09-27,4.4,6.88,1.28,7.87,8.57
2012-09-28,4.43,7.06,1.26,8.06,9.04
2012-10-08,4.38,6.84,1.24,7.9,9.28
2012-10-09,4.49,7.0,1.26,8.07,9.24
2012-10-10,4.49,7.0,1.26,8.1,9.24
2012-10-11,4.47,6.94,1.29,8.0,8.97
2012-10-12,4.49,6.9,1.29,7.9,8.51
2012-10-15,4.42,6.86,1.29,7.77,7.66
2012-10-16,4.47,6.85,1.28,7.72,7.33
2012-10-17,4.51,6.81,1.28,7.74,7.34
2012-10-18,4.56,7.07,1.28,7.94,7.45
2012-10-19,4.57,7.05,1.28,7.95,7.34
2012-10-22,4.58,7.05,1.3,7.95,7.32
2012-10-23,4.53,7.04,1.3,7.85,7.29
2012-10-24,4.52,7.06,1.32,7.83,7.32
2012-10-25,4.49,6.99,1.3,7.82,7.25
2012-10-26,4.4,6.87,1.29,7.51,7.11
2012-10-29,4.4,6.89,1.28,7.5,7.17
2012-10-30,4.45,6.95,1.28,7.34,7.06
2012-10-31,4.48,6.97,1.28,7.4,6.71
2012-11-01,4.55,7.2,1.29,7.56,6.85
2012-11-02,4.6,7.25,1.27,7.57,6.86
2012-11-05,4.63,7.26,1.28,7.58,6.96
2012-11-06,4.62,7.21,1.29,7.59,6.91
2012-11-07,4.61,7.13,1.28,7.66,6.94
2012-11-08,4.55,7.12,1.26,7.42,6.81
2012-11-09,4.57,7.02,1.27,7.45,6.89
2012-11-12,4.63,7.17,1.27,7.52,7.01
2012-11-13,4.57,7.01,1.26,7.38,6.83
2012-11-14,4.55,7.01,1.26,7.53,6.89
2012-11-15,4.47,6.91,1.23,7.43,6.68
2012-11-16,4.46,6.89,1.18,7.38,6.47
2012-11-19,4.45,6.85,1.17,7.4,6.51
2012-11-20,4.45,6.91,1.23,7.47,6.51
2012-11-21,4.51,7.01,1.25,7.55,6.59
2012-11-22,4.47,7.02,1.25,7.49,6.51
2012-11-23,4.51,7.08,1.24,7.57,6.57
2012-11-26,4.47,7.05,1.23,7.56,6.5
2012-11-27,4.48,7.09,1.18,7.45,6.3
2012-11-28,4.45,6.99,1.14,7.34,6.32
2012-11-29,4.33,7.06,1.11,7.24,6.34
2012-11-30,4.36,7.33,1.13,7.29,6.28
2012-12-03,4.27,7.37,1.1,7.17,6.19
2012-12-04,4.32,7.5,1.12,7.23,6.32
2012-12-05,4.56,7.66,1.14,7.56,6.6
2012-12-06,4.6,7.77,1.14,7.57,6.63
2012-12-07,4.77,7.71,1.17,7.66,6.79
2012-12-10,4.87,7.82,1.17,7.72,6.82
2012-12-11,4.8,7.74,1.15,7.85,6.73
2012-12-12,4.85,7.74,1.17,7.86,6.68
2012-12-13,4.78,7.81,1.18,7.71,6.64
2012-12-14,5.17,8.13,1.21,8.04,6.97
2012-12-17,5.18,8.02,1.22,8.07,7.11
2012-12-18,5.19,7.72,1.21,8.01,6.99
2012-12-19,5.17,7.8,1.19,8.0,6.98
2012-12-20,5.14,7.94,1.19,8.05,7.07
2012-12-21,5.06,7.9,1.17,8.01,6.99
2012-12-24,5.08,8.0,1.18,8.0,6.96
2012-12-25,5.24,8.48,1.2,8.19,7.3
2012-12-26,5.23,8.48,1.2,8.38,7.49
2012-12-27,5.27,8.48,1.21,8.68,7.4
2012-12-28,5.31,8.48,1.24,8.66,7.59
2012-12-31,5.45,8.48,1.23,8.88,7.9
2013-01-04,5.44,8.48,1.22,9.09,7.88
2013-01-07,5.55,8.48,1.23,8.99,7.7
2013-01-08,5.44,8.48,1.25,8.86,7.7
2013-01-09,5.4,8.48,1.26,8.86,8.3
2013-01-10,5.4,8.48,1.27,8.87,8.25
2013-01-11,5.29,8.48,1.25,8.89,8.01
2013-01-14,5.82,8.48,1.27,9.02,8.36
2013-01-15,5.99,8.48,1.27,9.03,8.59
2013-01-16,6.06,8.48,1.25,9.16,8.38
2013-01-17,6.04,8.48,1.32,8.86,8.22
2013-01-18,6.24,8.48,1.31,8.93,8.24
2013-01-21,6.7,9.32,1.33,8.79,8.38
2013-01-22,6.97,9.85,1.38,8.72,8.35
2013-01-23,6.82,9.79,1.38,8.77,8.57
2013-01-24,6.62,10.01,1.33,8.73,8.29
2013-01-25,6.52,9.8,1.36,8.89,8.29
2013-01-28,7.17,10.1,1.36,9.11,8.67
2013-01-29,7.27,10.23,1.37,8.93,8.75
2013-01-30,7.26,10.61,1.43,9.15,8.91
2013-01-31,7.18,10.06,1.41,10.06,8.82
2013-02-01,7.63,10.02,1.4,10.65,8.83
2013-02-04,7.49,9.97,1.4,11.37,8.12
2013-02-05,7.41,10.33,1.4,11.35,8.19
2013-02-06,7.44,10.19,1.42,11.22,8.19
2013-02-07,7.09,9.95,1.41,11.08,8.23
2013-02-08,7.06,10.08,1.46,11.07,8.6
2013-02-18,7.11,9.8,1.53,10.59,8.75
2013-02-19,7.08,9.38,1.61,10.52,8.51
2013-02-20,6.91,9.58,1.58,10.54,8.63
2013-02-21,6.67,9.47,1.54,9.74,8.56
2013-02-22,6.51,9.48,1.57,9.78,8.22
2013-02-25,6.81,9.22,1.57,9.7,8.04
2013-02-26,7.09,9.06,1.56,9.59,7.71
2013-02-27,7.15,9.48,1.63,9.89,7.65
2013-02-28,7.83,10.05,1.58,10.11,7.94
2013-03-01,7.85,10.09,1.57,9.94,8.03
2013-03-04,7.4,9.08,1.53,8.98,7.76
2013-03-05,8.14,9.12,1.55,9.21,8.0
2013-03-06,8.25,9.34,1.58,9.4,8.8
2013-03-07,8.08,9.39,1.55,9.58,9.08
2013-03-08,7.78,9.18,1.56,9.4,9.24
2013-03-11,7.7,9.31,1.51,9.51,9.54
2013-03-12,7.39,9.4,1.47,9.41,9.23
2013-03-13,7.52,9.17,1.48,9.63,8.95
2013-03-14,7.37,9.05,1.48,9.45,9.67
2013-03-15,7.55,8.78,1.48,9.41,9.8
2013-03-18,7.26,8.95,1.45,8.98,9.89
2013-03-19,7.32,9.17,1.48,8.99,9.93
2013-03-20,7.86,9.4,1.51,9.24,9.87
2013-03-21,7.81,9.22,1.53,9.3,10.06
2013-03-22,7.84,9.21,1.58,9.32,9.74
2013-03-25,7.74,9.33,1.6,9.66,9.29
2013-03-26,7.53,9.31,1.6,9.32,9.45
2013-03-27,7.54,9.42,1.68,9.32,9.37
2013-03-28,6.81,9.18,1.72,8.92,9.35
2013-03-29,6.85,9.01,1.7,8.84,9.07
2013-04-01,6.94,9.21,1.63,8.88,9.2
2013-04-02,6.96,9.38,1.66,8.92,9.11
2013-04-03,6.96,9.38,1.6,9.01,8.99
2013-04-08,6.78,9.2,1.62,8.89,9.14
2013-04-09,6.78,9.21,1.64,9.08,9.33
2013-04-10,6.6,9.25,1.63,9.19,9.21
2013-04-11,6.6,9.21,1.61,8.97,9.25
2013-04-12,6.43,9.15,1.62,8.85,8.91
2013-04-15,6.32,9.24,1.57,8.43,8.56
2013-04-16,6.38,9.75,1.57,8.44,8.65
2013-04-17,6.29,9.76,1.59,8.35,8.65
2013-04-18,6.5,9.8,1.59,8.29,8.68
2013-04-19,6.89,9.98,1.66,8.6,9.09
2013-04-22,6.88,9.79,1.58,8.85,9.34
2013-04-23,6.49,9.45,1.56,8.51,8.97
2013-04-24,6.6,9.47,1.56,8.69,9.58
2013-04-25,6.41,9.2,1.63,8.64,9.37
2013-04-26,6.36,9.24,1.57,8.52,9.19
2013-05-02,6.43,9.5,1.44,8.36,9.88
2013-05-03,6.71,9.54,1.45,8.49,9.91
2013-05-06,6.91,9.48,1.47,8.68,10.43
2013-05-07,6.89,9.7,1.51,8.82,10.4
2013-05-08,6.93,9.83,1.49,8.79,10.47
2013-05-09,6.85,9.71,1.47,8.79,10.76
2013-05-10,6.87,9.84,1.53,8.8,10.51
2013-05-13,6.78,9.73,1.58,8.77,10.96
2013-05-14,6.56,9.48,1.56,8.52,10.44
2013-05-15,6.57,9.47,1.61,8.44,10.44
2013-05-16,6.91,9.96,1.61,8.54,10.65
2013-05-17,6.94,10.35,1.61,8.79,10.8
2013-05-20,7.14,10.16,1.6,8.87,10.73
2013-05-21,7.18,10.24,1.64,9.03,10.52
2013-05-22,7.2,10.3,1.67,9.12,10.35
2013-05-23,6.98,10.22,1.66,8.88,10.16
2013-05-24,7.04,10.14,1.64,8.95,10.47
2013-05-27,6.95,10.04,1.65,8.9,10.23
2013-05-28,7.35,10.52,1.64,9.1,10.0
2013-05-29,7.24,10.49,1.72,8.98,10.05
2013-05-30,7.21,10.48,1.89,8.96,9.9
2013-05-31,7.14,10.2,2.0,8.92,10.23
2013-06-03,7.11,10.21,1.92,8.88,10.17
2013-06-04,7.19,10.1,2.12,8.77,9.97
2013-06-05,7.08,10.07,2.22,8.69,10.27
2013-06-06,6.85,9.78,2.36,8.58,10.14
2013-06-07,6.65,9.54,2.29,8.24,9.8
2013-06-13,6.39,9.08,2.14,7.76,9.28
2013-06-14,6.49,9.1,2.19,7.74,9.43
2013-06-17,6.55,8.79,2.12,7.64,9.58
2013-06-18,6.71,8.89,2.1,7.67,10.23
2013-06-19,6.55,8.67,2.08,7.56,10.18
2013-06-20,6.14,8.44,2.0,7.27,9.67
2013-06-21,6.2,8.43,1.88,7.35,9.65
2013-06-24,5.57,7.69,1.74,6.68,9.33
2013-06-25,5.48,7.53,1.79,6.48,10.11
2013-06-26,5.36,7.65,1.87,6.48,10.46
2013-06-27,5.27,7.74,1.87,6.41,10.32
2013-06-28,5.48,8.38,1.89,6.5,10.33
2013-07-01,5.35,8.41,1.92,6.59,10.35
2013-07-02,5.27,8.27,1.95,6.6,10.87
2013-07-03,5.12,8.05,1.92,6.55,11.1
2013-07-04,5.15,8.34,1.88,6.83,10.84
2013-07-05,5.15,8.68,1.84,6.9,10.61
2013-07-08,4.94,8.51,1.74,6.54,10.38
2013-07-09,4.94,8.22,1.72,6.53,10.42
2013-07-10,5.16,8.75,1.77,7.01,10.7
2013-07-11,5.68,9.18,1.81,7.19,11.07
2013-07-12,5.68,8.85,1.84,6.97,11.09
2013-07-15,5.77,8.9,1.95,7.03,11.09
2013-07-16,5.7,8.9,1.95,6.99,11.09
2013-07-17,5.57,8.84,2.15,6.93,11.09
2013-07-18,5.39,8.61,2.16,6.78,11.09
2013-07-19,5.18,8.14,2.02,6.49,11.09
2013-07-22,5.17,8.04,2.09,6.61,11.09
2013-07-23,5.47,8.41,2.16,6.93,12.2
2013-07-24,5.36,8.16,2.12,6.81,12.8
2013-07-25,5.39,8.09,2.02,6.74,12.58
2013-07-26,5.29,7.96,2.01,6.62,12.59
2013-07-29,5.17,7.79,2.15,6.48,12.11
2013-07-30,5.32,7.88,2.08,6.63,11.96
2013-07-31,5.27,8.1,2.07,6.63,12.47
2013-08-01,5.45,8.29,2.11,6.76,12.6
2013-08-02,5.39,8.5,2.09,6.79,12.39
2013-08-05,5.46,8.5,2.12,6.85,12.49
2013-08-06,5.45,8.45,2.14,6.9,12.66
2013-08-07,5.45,8.5,2.29,6.88,12.15
2013-08-08,5.43,8.33,2.31,6.91,12.17
2013-08-09,5.41,8.3,2.33,7.14,12.51
2013-08-12,5.67,8.62,2.34,7.55,12.61
2013-08-13,5.77,8.65,2.29,7.44,12.6
2013-08-14,5.73,8.59,2.34,7.27,13.02
2013-08-15,5.6,8.44,2.19,7.19,12.87
2013-08-16,5.81,8.42,2.15,7.18,12.49
2013-08-19,5.93,8.48,2.16,7.39,13.74
2013-08-20,6.04,8.31,2.2,7.2,13.84
2013-08-21,5.99,8.17,2.17,7.23,13.67
2013-08-22,6.01,8.15,2.13,7.15,13.8
2013-08-23,5.83,8.14,2.12,7.07,13.52
2013-08-26,5.99,8.27,2.16,7.23,14.1
2013-08-27,5.98,8.2,2.16,7.27,13.94
2013-08-28,5.84,8.04,2.12,7.55,13.63
2013-08-29,5.84,8.07,2.09,7.33,13.77
2013-08-30,5.83,8.05,2.04,7.18,13.29
2013-09-02,5.9,7.91,2.15,7.3,13.63
2013-09-03,6.15,8.27,2.18,7.31,13.79
2013-09-04,6.09,8.2,2.14,7.37,13.62
2013-09-05,6.06,8.22,2.12,7.23,13.9
2013-09-06,6.06,8.13,2.16,7.23,13.85
2013-09-09,6.66,8.46,2.19,7.4,13.71
2013-09-10,6.83,8.58,2.17,7.5,13.49
2013-09-11,6.97,8.71,2.17,7.58,12.76
2013-09-12,7.4,8.7,2.12,7.51,12.98
2013-09-13,7.26,8.63,2.13,7.38,13.01
2013-09-16,7.25,8.44,2.13,7.34,13.21
2013-09-17,7.02,8.17,2.1,7.16,12.9
2013-09-18,7.02,8.2,2.12,7.2,12.79
2013-09-23,7.07,8.25,2.13,7.26,13.55
2013-09-24,6.74,8.0,2.24,7.09,13.6
2013-09-25,6.61,7.82,2.26,7.05,13.81
2013-09-26,6.4,7.67,2.27,6.85,13.66
2013-09-27,6.54,7.71,2.23,6.86,13.39
2013-09-30,6.52,7.77,2.21,6.89,13.45
2013-10-08,6.71,8.13,2.2,6.92,14.66
2013-10-09,6.89,7.99,2.27,6.91,14.43
2013-10-10,6.74,8.01,2.24,6.96,14.49
2013-10-11,6.97,8.04,2.23,7.01,14.41
2013-10-14,6.86,7.83,2.29,6.95,14.28
2013-10-15,6.71,7.82,2.52,6.98,14.34
2013-10-16,6.6,7.72,2.59,6.76,13.77
2013-10-17,6.59,7.72,2.53,6.71,13.65
2013-10-18,6.7,7.81,2.53,6.7,13.76
2013-10-21,6.77,7.81,2.6,6.79,14.14
2013-10-22,6.62,7.73,2.61,6.73,13.9
2013-10-23,6.91,7.72,2.54,6.69,12.96
2013-10-24,7.14,7.63,2.37,6.58,12.74
2013-10-25,7.38,7.58,2.34,6.39,12.33
2013-10-28,7.21,7.43,2.26,6.4,12.45
2013-10-29,7.76,7.53,2.13,6.32,12.14
2013-10-30,7.91,7.73,2.2,6.44,12.23
2013-10-31,7.63,7.84,2.18,6.46,12.3
2013-11-01,7.62,7.99,2.17,6.5,12.32
2013-11-04,7.45,7.83,2.21,6.43,12.72
2013-11-05,7.5,7.83,2.24,6.52,12.89
2013-11-06,7.22,7.68,2.25,6.44,12.62
2013-11-07,7.29,7.64,2.24,6.39,12.49
2013-11-08,7.32,7.55,2.15,6.31,12.02
2013-11-11,7.36,7.41,2.15,6.26,11.98
2013-11-12,7.72,7.5,2.16,6.33,12.15
2013-11-13,7.32,7.46,2.12,6.21,11.74
2013-11-14,7.22,7.4,2.11,6.28,11.89
2013-11-15,7.34,7.58,2.19,6.39,12.37
2013-11-18,7.74,7.83,2.21,6.5,12.87
2013-11-19,7.59,7.73,2.22,6.45,12.83
2013-11-20,7.68,7.75,2.27,6.46,13.25
2013-11-21,7.66,7.52,2.26,6.42,13.56
2013-11-22,7.51,7.41,2.29,6.42,13.21
2013-11-25,7.41,7.33,2.3,6.36,12.83
2013-11-26,7.4,7.27,2.29,6.34,12.96
2013-11-27,7.45,7.29,2.26,6.38,13.39
2013-11-28,7.48,7.4,2.25,6.62,13.18
2013-11-29,7.47,7.46,2.31,6.56,13.21
2013-12-02,7.55,7.29,2.15,6.58,12.73
2013-12-03,7.44,7.36,2.18,6.66,13.34
2013-12-04,7.47,7.44,2.19,6.69,13.62
2013-12-05,7.38,7.44,2.17,6.66,12.81
2013-12-06,7.3,7.38,2.16,6.63,12.35
2013-12-09,7.24,7.34,2.16,6.58,12.32
2013-12-10,7.3,7.38,2.25,6.56,12.38
2013-12-11,7.05,7.27,2.18,6.46,12.1
2013-12-12,6.99,7.26,2.19,6.42,12.2
2013-12-13,6.89,7.27,2.2,6.43,12.08
2013-12-16,7.0,7.18,2.18,6.28,11.71
2013-12-17,6.99,7.04,2.18,6.28,11.72
2013-12-18,7.01,7.03,2.18,6.28,11.67
2013-12-19,6.87,6.93,2.18,6.25,11.73
2013-12-20,6.54,6.68,2.18,6.05,11.4
2013-12-23,6.56,6.63,2.23,6.1,11.12
2013-12-24,6.43,6.67,2.26,6.14,11.29
2013-12-25,6.44,6.73,2.18,6.17,11.29
2013-12-26,6.29,6.64,2.07,6.11,10.56
2013-12-27,6.45,6.84,2.06,6.18,10.61
2013-12-30,6.45,6.69,2.07,6.13,10.72
2013-12-31,6.73,6.84,2.07,6.2,10.59
2014-01-02,6.72,6.8,2.07,6.2,11.18
2014-01-03,6.55,6.67,2.06,6.2,11.4
2014-01-06,6.41,6.37,1.95,6.2,11.04
2014-01-07,6.39,6.32,1.93,6.2,10.83
2014-01-08,6.46,6.32,1.89,6.2,10.87
2014-01-09,6.49,6.35,1.86,5.6,10.87
2014-01-10,6.49,6.28,1.87,5.44,10.61
2014-01-13,6.37,6.16,1.94,5.48,10.1
2014-01-14,6.44,6.15,1.96,5.5,10.1
2014-01-15,6.41,6.1,1.98,5.4,10.01
2014-01-16,6.42,6.12,1.95,5.6,10.41
2014-01-17,6.31,6.03,1.9,5.49,10.2
2014-01-20,6.21,6.07,1.94,5.48,9.93
2014-01-21,6.24,6.15,1.97,5.48,10.35
2014-01-22,6.48,6.49,2.01,5.6,10.7
2014-01-23,6.43,6.38,2.0,5.57,10.73
2014-01-24,6.4,6.63,1.99,5.62,10.97
2014-01-27,6.26,6.51,1.95,5.54,10.97
2014-01-28,6.32,6.5,1.97,5.54,11.02
2014-01-29,6.35,6.42,1.97,5.54,10.94
2014-01-30,6.26,6.28,1.97,5.44,10.75
2014-02-07,6.25,6.31,2.0,5.43,11.08
2014-02-10,6.35,6.39,2.03,5.58,11.37
2014-02-11,6.59,6.43,2.03,5.68,11.24
2014-02-12,6.56,6.4,2.06,5.67,11.34
2014-02-13,6.71,6.31,2.03,5.67,10.99
2014-02-14,6.63,6.27,2.07,5.7,10.94
2014-02-17,6.57,6.27,2.15,5.75,11.63
2014-02-18,6.4,6.19,2.12,5.63,11.53
2014-02-19,6.59,6.27,2.15,5.67,11.55
2014-02-20,6.46,6.23,2.14,5.67,11.27
2014-02-21,6.37,6.09,2.27,5.78,11.17
2014-02-24,6.13,5.69,2.22,5.59,10.95
2014-02-25,6.05,5.59,2.13,5.39,10.61
2014-02-26,6.1,5.69,2.12,5.76,10.53
2014-02-27,6.17,5.61,2.23,5.7,10.4
2014-02-28,6.11,5.72,2.21,5.87,10.65
2014-03-03,6.06,5.65,2.23,5.9,10.91
2014-03-04,6.03,5.89,2.23,5.92,11.11
2014-03-05,5.88,5.75,2.23,5.79,10.8
2014-03-06,5.92,6.23,2.23,5.73,10.83
2014-03-07,5.93,6.19,2.24,5.73,10.61
2014-03-10,5.66,6.09,2.14,5.45,10.05
2014-03-11,5.62,6.38,2.15,5.46,9.97
2014-03-12,5.68,6.47,2.18,5.51,9.94
2014-03-13,5.8,6.56,2.22,5.51,9.93
2014-03-14,5.67,6.41,2.23,5.43,9.8
2014-03-17,5.75,6.61,2.35,5.49,10.13
2014-03-18,5.7,6.47,2.36,5.5,10.05
2014-03-19,5.62,6.38,2.35,5.46,10.19
2014-03-20,5.55,6.39,2.31,5.35,10.19
2014-03-21,5.93,6.82,2.35,5.52,10.57
2014-03-24,5.93,6.86,2.32,5.56,10.51
2014-03-25,5.82,6.79,2.27,5.62,10.47
2014-03-26,5.88,6.68,2.29,5.61,10.35
2014-03-27,5.92,6.79,2.25,5.62,10.06
2014-03-28,5.92,6.91,2.21,5.8,10.12
2014-03-31,5.92,6.89,2.18,5.68,10.24
2014-04-01,5.93,6.88,2.21,5.7,10.65
2014-04-02,5.99,7.06,2.22,5.66,10.68
2014-04-03,5.92,6.89,2.23,5.66,10.44
2014-04-04,5.93,6.9,2.23,5.68,10.47
2014-04-08,6.2,6.94,2.25,5.76,10.58
2014-04-09,6.15,6.85,2.27,5.73,10.86
2014-04-10,6.24,6.85,2.31,5.73,10.88
2014-04-11,6.26,6.77,2.29,5.7,11.21
2014-04-14,6.2,6.75,2.26,5.71,11.11
2014-04-15,6.02,6.61,2.26,5.62,11.08
2014-04-16,6.04,6.7,2.25,5.59,10.9
2014-04-17,5.99,6.6,2.24,5.6,10.92
2014-04-18,5.93,6.62,2.22,5.59,11.01
2014-04-21,5.87,6.52,2.21,5.51,10.79
2014-04-22,6.07,6.59,2.18,5.54,11.08
2014-04-23,6.21,6.64,2.21,5.55,10.91
2014-04-24,6.17,6.8,2.24,5.51,10.65
2014-04-25,6.18,6.76,2.24,5.45,10.42
2014-04-28,6.06,6.78,2.12,5.34,10.45
2014-04-29,6.13,6.76,2.12,5.38,10.76
2014-04-30,6.12,6.72,2.13,5.36,10.68
2014-05-05,6.04,6.59,2.31,5.33,10.59
2014-05-06,6.01,6.63,2.31,5.4,10.66
2014-05-07,5.96,6.7,2.31,5.39,10.46
2014-05-08,6.0,6.6,2.31,5.39,10.21
2014-05-09,6.07,6.52,2.31,5.53,10.24
2014-05-12,6.23,6.57,2.31,5.83,10.5
2014-05-13,6.17,6.76,2.31,5.66,10.54
2014-05-14,6.21,6.85,2.31,5.61,10.47
2014-05-15,6.15,6.81,2.23,5.52,10.18
2014-05-16,6.19,6.91,2.07,5.57,10.15
2014-05-19,6.19,6.91,2.03,5.62,9.97
2014-05-20,6.17,6.95,2.02,5.56,9.98
2014-05-21,6.22,6.95,2.02,5.6,10.15
2014-05-22,6.26,7.09,2.02,5.5,10.07
2014-05-23,6.36,7.32,2.0,5.51,10.27
2014-05-26,6.36,7.28,2.05,5.53,10.31
2014-05-27,6.36,7.34,2.02,5.51,10.23
2014-05-28,6.37,7.59,2.02,5.57,10.68
2014-05-29,6.32,7.67,1.99,5.54,10.53
2014-05-30,6.32,7.68,2.01,5.55,10.65
2014-06-03,6.32,7.54,2.01,5.59,10.56
2014-06-04,6.22,7.36,1.96,5.46,10.43
2014-06-05,6.28,7.46,1.97,5.49,10.6
2014-06-06,6.25,7.41,1.98,5.43,10.44
2014-06-09,6.31,7.45,1.97,5.42,10.21
2014-06-10,6.45,7.53,1.98,5.48,10.46
2014-06-11,6.47,7.54,2.0,5.56,10.6
2014-06-12,6.49,7.55,1.98,5.59,10.53
2014-06-13,6.76,7.57,1.99,5.59,10.63
2014-06-16,6.77,7.42,1.99,5.62,10.84
2014-06-17,6.71,7.29,1.96,5.55,10.71
2014-06-18,6.59,7.27,1.94,5.65,10.61
2014-06-19,6.54,7.18,1.87,5.5,10.32
2014-06-20,6.58,7.3,1.89,5.74,10.35
2014-06-23,6.53,7.32,1.91,6.32,10.34
2014-06-24,6.55,7.26,1.93,6.8,10.4
2014-06-25,6.53,7.3,1.93,6.84,10.4
2014-06-26,6.56,7.42,1.93,6.82,10.49
2014-06-27,6.56,7.47,1.93,6.79,10.58
2014-06-30,6.62,7.43,1.93,6.75,10.63
2014-07-01,6.59,7.27,1.93,7.1,10.72
2014-07-02,6.61,7.29,1.93,6.92,10.71
2014-07-03,6.66,7.32,1.93,7.56,10.71
2014-07-04,6.62,7.61,1.93,7.42,10.64
2014-07-07,6.59,7.87,1.93,7.26,10.71
2014-07-08,6.64,7.79,1.93,7.45,10.74
2014-07-09,6.45,7.69,1.93,7.12,10.53
2014-07-10,6.46,7.8,1.93,7.05,10.37
2014-07-11,6.46,7.91,1.93,7.08,10.45
2014-07-14,6.5,7.97,1.93,7.53,10.56
2014-07-15,6.5,7.96,1.93,7.48,10.94
2014-07-16,6.42,7.81,1.93,7.52,10.87
2014-07-17,6.41,7.73,1.93,7.45,10.93
2014-07-18,6.42,7.98,1.93,7.31,10.87
2014-07-21,6.38,8.03,1.93,7.32,10.69
2014-07-22,6.5,8.24,1.93,7.69,10.83
2014-07-23,6.52,8.43,1.93,7.92,10.68
2014-07-24,6.79,8.77,1.93,7.94,10.85
2014-07-25,6.83,8.81,1.93,8.29,10.97
2014-07-28,7.21,8.85,1.93,8.74,11.13
2014-07-29,7.23,8.98,1.93,8.46,11.26
2014-07-30,7.18,8.65,1.93,8.2,11.19
2014-07-31,7.27,8.89,1.93,8.32,11.26
2014-08-01,7.15,8.75,1.93,8.02,11.03
2014-08-04,7.31,8.94,1.93,8.23,11.25
2014-08-05,7.23,8.75,1.93,8.23,11.39
2014-08-06,7.12,8.6,1.93,8.31,11.37
2014-08-07,7.02,8.55,1.93,8.08,11.3
2014-08-08,7.04,8.48,1.93,8.07,11.42
2014-08-11,7.16,8.63,1.93,8.14,11.48
2014-08-12,7.08,8.58,1.93,8.09,11.36
2014-08-13,7.12,8.58,1.93,8.0,11.46
2014-08-14,7.04,8.41,1.93,7.63,11.26
2014-08-15,7.07,8.44,1.93,7.69,11.34
2014-08-18,7.12,8.42,1.93,7.66,11.52
2014-08-19,7.07,8.44,1.93,7.74,11.63
2014-08-20,7.0,8.27,1.93,7.68,11.69
2014-08-21,6.91,8.38,1.93,7.72,11.63
2014-08-22,6.92,8.4,1.93,7.65,11.63
2014-08-25,6.82,8.23,1.93,7.51,11.43
2014-08-26,6.81,8.23,1.93,7.54,11.26
2014-08-27,6.84,8.23,1.93,7.45,11.3
2014-08-28,6.78,8.1,1.93,7.44,11.2
2014-08-29,6.85,8.19,1.93,7.53,11.34
2014-09-01,6.88,8.23,1.93,7.63,11.51
2014-09-02,6.98,8.31,1.93,7.76,11.66
2014-09-03,7.02,8.53,1.93,7.73,11.64
2014-09-04,7.05,8.68,1.93,7.77,11.69
2014-09-05,7.06,8.83,1.93,8.01,11.64
2014-09-09,6.99,8.64,1.93,7.89,11.61
2014-09-10,6.9,8.5,1.93,7.71,11.84
2014-09-11,6.93,8.48,1.93,7.58,11.68
2014-09-12,6.93,8.48,1.93,7.7,11.73
2014-09-15,6.89,8.31,1.93,7.74,11.71
2014-09-16,6.85,8.27,1.93,7.5,11.3
2014-09-17,6.86,8.32,1.93,7.61,11.43
2014-09-18,6.9,8.29,1.93,7.52,11.56
2014-09-19,6.94,8.33,2.12,7.52,11.91
2014-09-22,6.72,8.28,2.33,7.17,12.05
2014-09-23,6.75,8.38,2.57,7.26,12.07
2014-09-24,6.87,8.48,2.82,7.41,12.17
2014-09-25,6.8,8.43,3.11,7.38,11.97
2014-09-26,6.76,8.38,3.42,7.42,12.1
2014-09-29,6.76,8.28,3.67,7.41,12.39
2014-09-30,6.78,8.24,3.71,7.6,12.31
2014-10-08,6.86,8.48,3.67,7.62,12.31
2014-10-09,6.82,8.5,3.72,7.74,12.51
2014-10-10,6.79,8.59,3.92,7.55,12.3
2014-10-13,6.75,8.66,4.32,7.84,12.16
2014-10-14,6.76,8.54,4.61,7.72,12.1
2014-10-15,6.79,8.45,4.53,7.66,12.18
2014-10-16,6.82,8.36,4.66,7.5,11.98
2014-10-17,6.76,8.4,4.49,7.36,11.89
2014-10-20,6.8,8.4,4.44,7.43,12.04
2014-10-21,6.74,8.28,4.44,7.35,11.78
2014-10-22,6.75,8.26,4.45,7.28,11.8
2014-10-23,6.84,8.17,4.29,7.13,11.83
2014-10-24,6.8,8.16,4.34,7.15,11.93
2014-10-27,6.7,7.88,4.29,7.3,11.97
2014-10-28,6.8,8.1,4.55,7.4,12.18
2014-10-29,6.88,8.28,4.63,7.46,12.21
2014-10-30,6.97,8.24,4.7,7.44,12.17
2014-10-31,7.37,8.44,4.63,7.54,12.34
2014-11-03,7.43,8.35,4.62,7.62,12.22
2014-11-04,7.25,8.43,4.66,7.71,12.15
2014-11-05,7.23,8.34,4.67,7.53,12.36
2014-11-06,7.25,8.38,4.82,7.45,12.29
2014-11-07,7.29,8.44,5.3,7.32,12.04
2014-11-10,7.45,8.6,5.63,7.49,12.28
2014-11-11,7.53,8.62,5.28,7.56,12.07
2014-11-12,7.49,8.72,5.21,7.84,12.1
2014-11-13,7.39,8.54,5.25,8.09,11.95
2014-11-14,7.31,8.68,5.16,7.85,12.02
2014-11-17,7.19,8.5,5.26,7.78,12.06
2014-11-18,7.09,8.34,5.4,7.74,12.08
2014-11-19,7.1,8.25,5.6,7.7,12.34
2014-11-20,7.1,8.3,5.73,7.75,12.16
2014-11-21,7.22,8.41,5.7,7.78,12.17
2014-11-24,7.21,9.11,5.65,7.95,12.27
2014-11-25,7.34,9.05,5.51,8.27,12.67
2014-11-26,7.49,9.07,5.55,8.18,12.57
2014-11-27,7.56,9.22,5.71,8.23,12.58
2014-11-28,8.31,9.79,5.6,8.14,12.73
2014-12-01,8.15,9.55,5.35,8.23,12.53
2014-12-02,8.77,9.82,5.34,8.29,12.6
2014-12-03,8.76,10.06,5.22,9.13,13.11
2014-12-04,9.33,10.5,5.32,10.04,13.29
2014-12-05,9.71,10.29,5.2,9.83,13.13
2014-12-08,10.18,11.05,4.85,9.9,14.09
2014-12-09,9.16,10.26,4.98,9.57,13.8
2014-12-10,9.48,10.73,5.24,10.0,14.54
2014-12-11,9.3,10.8,5.28,10.0,14.2
2014-12-12,9.32,10.5,5.36,10.06,14.07
2014-12-15,9.08,10.15,5.56,9.81,14.1
2014-12-16,9.62,10.35,5.64,9.84,14.1
2014-12-17,10.27,10.71,5.55,9.63,15.51
2014-12-18,9.95,10.43,5.55,9.69,15.28
2014-12-19,10.03,10.31,5.55,9.81,15.28
2014-12-22,10.25,10.52,5.55,10.17,14.87
2014-12-23,9.86,10.55,5.55,9.55,14.68
2014-12-24,9.4,9.9,5.55,9.21,14.36
2014-12-25,9.82,10.08,5.55,9.38,14.96
2014-12-26,10.09,10.58,5.55,9.56,14.92
2014-12-29,9.97,11.16,5.24,9.4,14.85
2014-12-30,10.36,11.35,4.96,9.25,14.78
2014-12-31,10.59,12.48,5.07,9.41,14.67
2015-01-05,10.71,13.39,4.98,10.36,15.44
2015-01-06,10.55,12.9,5.01,10.72,16.33
2015-01-07,10.35,12.78,5.13,10.86,16.01
2015-01-08,10.0,12.2,5.29,10.59,16.23
2015-01-09,10.08,12.08,5.32,10.32,15.88
2015-01-12,9.87,11.78,5.4,10.02,15.54
2015-01-13,9.81,11.74,5.5,9.87,15.6
2015-01-14,9.9,11.76,5.4,9.53,15.57
2015-01-15,10.26,12.37,5.42,9.65,15.96
2015-01-16,10.27,12.14,5.47,9.85,16.05
2015-01-19,9.24,10.93,5.19,9.09,14.62
2015-01-20,9.24,11.09,5.29,9.24,15.49
2015-01-21,9.64,11.72,5.34,9.71,15.98
2015-01-22,9.56,12.19,5.67,10.24,16.01
2015-01-23,9.62,12.5,5.53,10.02,15.98
2015-01-26,9.58,12.3,5.56,10.25,16.55
2015-01-27,9.35,11.84,5.57,10.67,16.31
2015-01-28,9.4,11.67,5.97,10.34,15.98
2015-01-29,9.29,11.68,6.06,10.11,15.69
2015-01-30,9.31,11.78,5.85,10.21,15.58
2015-02-02,9.11,11.57,5.81,10.1,15.15
2015-02-03,9.32,11.64,5.87,10.12,15.54
2015-02-04,9.16,11.49,5.83,10.03,15.13
2015-02-05,9.22,11.4,5.7,9.94,15.22
2015-02-06,9.03,10.92,5.76,9.51,14.81
2015-02-09,9.04,10.94,5.9,9.49,14.86
2015-02-10,9.2,11.15,5.75,9.73,15.22
2015-02-11,9.18,11.14,5.7,9.73,16.0
2015-02-12,9.26,11.2,5.7,9.74,15.9
2015-02-13,9.32,11.46,5.74,10.07,15.99
2015-02-16,9.3,11.35,5.69,10.31,16.75
2015-02-17,9.35,11.47,5.93,10.3,16.43
2015-02-25,9.22,11.14,5.87,10.09,15.97
2015-02-26,9.4,11.54,5.87,10.6,16.24
2015-02-27,9.35,11.45,5.94,10.48,16.7
2015-03-02,9.38,11.47,6.29,10.79,16.61
2015-03-03,9.09,10.96,6.4,11.21,16.08
2015-03-04,9.07,10.97,7.04,11.13,16.38
2015-03-05,8.94,10.69,7.55,11.21,16.16
2015-03-06,8.98,10.72,7.72,11.21,15.88
2015-03-09,9.46,10.97,7.92,11.55,16.23
2015-03-10,9.2,10.79,8.13,11.36,16.13
2015-03-11,9.26,10.71,8.95,11.36,16.01
2015-03-12,9.76,10.97,8.95,11.23,16.12
2015-03-13,10.02,10.98,8.95,11.36,16.36
2015-03-16,10.3,11.22,8.95,11.59,16.57
2015-03-17,10.29,11.34,8.95,11.53,16.86
2015-03-18,10.37,11.8,8.95,11.89,17.1
2015-03-19,10.15,11.56,8.95,12.2,16.97
2015-03-20,10.24,11.8,8.95,12.22,17.0
2015-03-23,10.31,12.0,8.95,12.74,17.78
2015-03-24,10.26,11.72,8.95,12.89,18.3
2015-03-25,9.97,11.48,8.95,12.45,18.04
2015-03-26,10.1,11.63,8.95,12.3,17.8
2015-03-27,10.08,11.99,8.95,12.5,17.75
2015-03-30,10.47,12.79,8.95,12.78,18.11
2015-03-31,10.53,12.41,8.95,12.65,17.75
2015-04-01,10.67,12.32,8.95,12.98,18.41
2015-04-02,10.56,12.2,8.95,13.74,18.21
2015-04-03,10.59,12.08,8.95,13.99,18.13
2015-04-07,11.24,12.32,8.95,15.39,18.95
2015-04-08,11.98,12.41,8.95,14.98,19.77
2015-04-09,12.03,13.15,8.95,14.52,19.29
2015-04-10,13.23,12.86,8.95,15.38,19.65
2015-04-13,13.38,12.9,8.95,16.05,19.82
2015-04-14,13.19,12.68,8.95,16.13,19.3
2015-04-15,13.47,12.48,8.95,15.57,19.34
2015-04-16,13.75,12.84,8.95,15.92,20.47
2015-04-17,13.69,13.17,8.95,16.82,21.22
2015-04-20,13.19,12.76,8.95,16.68,22.1
2015-04-21,13.4,13.0,8.95,17.35,22.97
2015-04-22,13.71,13.36,8.95,19.08,22.96
2015-04-23,13.48,13.25,8.95,19.44,23.78
2015-04-24,13.06,12.95,8.95,19.05,23.36
2015-04-27,13.28,13.2,8.95,19.04,23.66
2015-04-28,13.51,12.74,8.95,17.99,22.71
2015-04-29,13.47,12.79,8.95,18.42,24.98
2015-04-30,13.51,13.11,8.95,18.09,25.3
2015-05-04,13.36,13.07,8.95,18.15,25.09
2015-05-05,12.83,12.37,8.95,16.77,23.14
2015-05-06,12.72,12.18,8.95,16.32,22.52
2015-05-07,12.68,12.22,8.95,16.28,22.55
2015-05-08,12.82,12.39,8.95,16.65,23.94
2015-05-11,12.97,12.63,8.95,17.88,24.51
2015-05-12,12.91,12.5,8.95,18.01,24.79
2015-05-13,12.85,13.2,8.95,18.14,26.39
2015-05-14,12.85,13.1,8.95,18.19,26.23
2015-05-15,12.5,12.72,8.95,17.66,24.97
2015-05-18,12.28,12.43,8.95,16.84,25.66
2015-05-19,12.61,12.72,8.95,17.8,25.81
2015-05-20,12.73,12.62,8.95,18.25,25.95
2015-05-21,12.77,12.71,8.95,18.47,26.78
2015-05-22,13.16,13.01,8.95,19.37,26.73
2015-05-25,13.43,13.49,8.95,19.87,27.76
2015-05-26,13.44,14.16,8.95,21.85,28.07
2015-05-27,13.33,13.83,8.95,23.38,27.36
2015-05-28,12.54,12.89,8.95,21.04,24.91
2015-05-29,12.39,12.89,8.95,20.53,25.08
2015-06-01,12.86,13.36,8.95,22.0,25.93
2015-06-02,12.76,13.29,8.95,24.2,26.38
2015-06-03,12.81,13.51,8.95,24.92,25.78
2015-06-04,13.24,13.46,8.95,27.41,25.69
2015-06-05,13.19,13.98,8.95,28.77,25.91
2015-06-08,13.99,14.44,8.95,26.54,25.69
2015-06-09,13.74,14.06,8.95,26.47,26.17
2015-06-10,13.49,13.94,8.95,26.51,26.67
2015-06-11,13.33,13.76,8.95,26.2,26.96
2015-06-12,13.36,13.9,8.95,25.72,26.48
2015-06-15,12.88,13.43,8.95,25.75,24.98
2015-06-16,12.65,12.91,8.95,23.29,23.63
2015-06-17,12.72,13.09,8.95,23.73,24.36
2015-06-18,12.44,12.73,8.95,23.8,23.12
2015-06-19,11.83,12.17,8.95,22.82,21.15
2015-06-23,12.09,12.81,8.95,22.23,22.06
2015-06-24,12.23,12.91,8.95,22.99,22.36
2015-06-25,12.03,12.75,8.95,21.84,21.32
2015-06-26,11.14,12.06,8.95,19.65,19.19
2015-06-29,10.97,12.29,8.95,17.69,17.58
2015-06-30,11.76,13.04,8.95,18.46,19.34
2015-07-01,11.26,12.8,8.95,16.61,18.99
2015-07-02,11.12,12.76,9.84,14.96,18.27
2015-07-03,10.57,12.3,8.86,13.46,17.3
2015-07-06,11.23,13.36,8.86,12.12,17.97
2015-07-07,11.85,13.06,8.86,10.9,16.21
2015-07-08,10.67,11.91,8.86,10.9,14.58
2015-07-09,11.54,13.07,8.86,10.9,14.58
2015-07-10,12.02,13.44,8.86,10.9,14.58
2015-07-13,11.68,13.56,9.74,10.9,14.58
2015-07-14,11.22,13.07,10.0,10.9,16.05
2015-07-15,10.98,13.21,9.0,12.0,17.65
2015-07-16,11.0,13.2,8.45,12.94,18.02
2015-07-17,11.18,13.53,8.74,14.23,19.46
2015-07-20,11.0,13.78,8.44,14.7,20.31
2015-07-21,10.98,13.47,9.29,15.04,20.49
2015-07-22,10.94,13.65,9.84,14.74,21.17
2015-07-23,11.06,14.07,10.83,15.61,21.53
2015-07-24,10.82,14.3,10.84,15.37,21.01
2015-07-27,10.06,13.18,9.76,13.83,18.9
2015-07-28,10.21,13.57,8.88,12.8,18.91
2015-07-29,10.19,13.55,9.68,13.85,20.27
2015-07-30,9.92,13.07,9.39,13.51,19.65
2015-07-31,10.0,13.16,9.1,13.37,19.64
2015-08-03,10.37,13.56,8.19,12.96,18.68
2015-08-04,10.4,13.73,8.92,14.0,20.2
2015-08-05,10.18,13.41,8.48,13.5,19.62
2015-08-06,10.14,13.31,8.44,13.3,19.45
2015-08-07,10.2,13.55,8.72,13.8,20.3
2015-08-10,10.45,13.99,9.46,14.73,21.24
2015-08-11,10.39,14.45,9.66,15.06,20.96
2015-08-12,10.17,13.86,9.25,14.93,20.53
2015-08-13,10.17,13.81,9.38,16.01,21.0
2015-08-14,10.22,13.88,9.31,15.68,20.96
2015-08-17,10.14,13.7,9.76,17.25,21.12
2015-08-18,9.93,13.2,8.79,15.52,19.0
2015-08-19,9.89,13.46,9.09,16.18,19.44
2015-08-20,9.75,13.26,8.49,15.57,19.13
2015-08-21,9.3,12.91,8.12,14.38,17.84
2015-08-24,8.37,12.24,7.31,12.94,16.06
2015-08-25,7.65,12.07,6.58,11.65,14.46
2015-08-26,8.02,12.3,6.53,10.49,14.25
2015-08-27,8.74,12.23,7.18,10.47,15.68
2015-08-28,8.76,12.61,7.9,11.51,16.75
2015-08-31,8.95,12.81,7.83,11.15,16.47
2015-09-01,9.36,13.21,7.04,10.61,16.31
2015-09-02,9.58,13.2,6.83,10.7,16.36
2015-09-07,8.81,12.62,7.01,10.63,15.79
2015-09-08,8.9,12.7,7.18,11.02,16.58
2015-09-09,8.98,12.77,7.49,11.86,16.94
2015-09-10,8.94,12.57,7.52,11.37,16.51
2015-09-11,8.87,12.5,7.56,11.47,16.72
2015-09-14,8.79,12.24,7.7,10.33,15.7
2015-09-15,8.55,12.09,7.59,9.3,14.66
2015-09-16,8.82,12.47,8.19,10.22,15.96
2015-09-17,8.71,12.16,8.32,9.71,15.52
2015-09-18,8.74,12.18,8.8,9.78,15.81
2015-09-21,8.75,12.23,9.14,10.16,16.32
2015-09-22,8.87,12.31,8.88,10.22,16.34
2015-09-23,8.66,12.21,8.85,9.84,15.97
2015-09-24,8.66,12.15,8.93,9.97,16.32
2015-09-25,8.53,11.97,8.09,9.5,15.56
2015-09-28,8.52,11.93,8.44,9.68,15.71
2015-09-29,8.4,11.7,8.08,9.27,15.27
2015-09-30,8.49,11.82,8.29,9.32,15.34
2015-10-08,8.66,12.13,8.59,9.72,15.91
2015-10-09,8.82,12.28,8.65,10.7,16.25
2015-10-12,9.08,12.51,9.37,11.77,16.93
2015-10-13,9.0,12.5,10.31,12.03,16.9
2015-10-14,8.88,12.33,11.33,11.6,16.9
2015-10-15,9.04,12.55,11.33,11.98,17.59
2015-10-16,9.08,12.67,11.33,12.4,17.48
2015-10-19,9.11,12.56,11.33,12.08,17.23
2015-10-20,9.16,12.58,11.33,12.21,17.82
2015-10-21,9.08,12.28,11.33,10.99,16.56
2015-10-22,9.16,12.39,11.33,11.31,16.92
2015-10-23,9.28,12.75,11.33,11.7,17.33
2015-10-26,9.32,12.69,11.33,11.97,17.51
2015-10-27,9.29,12.71,12.47,11.94,17.31
2015-10-28,9.12,12.68,13.72,11.64,17.45
2015-10-29,9.12,12.64,13.25,11.75,17.61
2015-10-30,9.19,12.69,13.02,11.38,17.55
2015-11-02,9.01,12.59,11.87,11.0,17.09
2015-11-03,8.94,12.68,11.7,11.05,17.0
2015-11-04,9.46,13.07,12.22,11.7,17.97
2015-11-05,9.76,13.11,12.41,12.06,18.21
2015-11-06,10.02,13.19,12.31,12.29,19.35
2015-11-09,10.47,13.37,12.18,12.42,19.36
2015-11-10,10.31,13.25,12.36,13.66,18.99
2015-11-11,10.15,13.15,12.28,13.54,19.07
2015-11-12,10.03,13.08,13.51,13.66,18.67
2015-11-13,9.9,12.9,12.97,12.76,18.43
2015-11-16,9.98,13.0,12.67,12.92,18.96
2015-11-17,10.11,13.0,12.8,12.84,18.37
2015-11-18,10.05,13.62,12.52,12.37,18.09
2015-11-19,10.11,13.46,12.6,12.76,18.4
2015-11-20,10.15,13.45,13.02,13.12,18.57
2015-11-23,10.07,13.34,12.66,12.74,18.13
2015-11-24,9.93,13.46,12.83,12.77,18.7
2015-11-25,9.97,13.52,13.18,12.86,18.72
2015-11-26,9.89,13.46,12.98,13.5,18.48
2015-11-27,9.49,13.24,12.19,12.19,17.28
2015-11-30,9.5,13.99,11.78,12.16,17.18
2015-12-01,9.5,15.39,11.65,12.43,17.39
2015-12-02,10.12,16.93,11.81,13.0,17.87
2015-12-03,10.07,17.78,11.88,13.12,17.83
2015-12-04,9.8,17.62,11.91,13.24,17.43
2015-12-07,9.83,16.73,11.88,13.54,17.69
2015-12-08,9.67,16.49,11.38,13.69,17.2
2015-12-09,9.7,18.15,11.42,13.67,17.22
2015-12-10,9.67,18.14,11.29,13.07,17.36
2015-12-11,9.57,18.47,11.08,13.94,17.38
2015-12-14,9.76,18.64,11.26,15.33,17.79
2015-12-15,9.64,19.57,11.58,15.55,18.38
2015-12-16,9.62,18.74,11.49,15.5,18.04
2015-12-17,9.76,20.62,11.78,15.5,18.31
2015-12-18,9.89,22.68,12.61,15.05,18.46
2015-12-21,10.12,22.68,12.69,15.41,19.08
2015-12-22,10.05,22.68,12.45,15.36,18.79
2015-12-23,10.1,22.68,12.14,14.72,18.48
2015-12-24,9.98,22.68,11.8,14.79,18.58
2015-12-25,10.04,22.68,11.94,14.8,18.69
2015-12-28,9.69,22.68,11.44,13.92,18.05
2015-12-29,9.78,22.68,11.56,13.87,18.3
2015-12-30,9.79,22.68,11.64,14.22,18.83
2015-12-31,9.7,22.68,11.76,13.93,18.31
2016-01-04,9.16,22.68,10.59,12.54,16.63
2016-01-05,9.22,22.68,10.79,12.09,16.93
2016-01-06,9.33,22.68,10.94,12.99,17.09
2016-01-07,8.85,22.68,9.98,11.7,15.51
2016-01-08,9.0,22.68,9.96,12.51,15.96
2016-01-11,8.7,22.68,9.73,11.41,15.21
2016-01-12,8.74,22.68,9.55,11.17,15.31
2016-01-13,8.66,22.68,8.66,10.59,14.96
2016-01-14,8.71,22.68,9.21,11.02,15.34
2016-01-15,8.46,22.68,9.32,10.04,14.74
2016-01-18,8.42,22.68,9.26,10.07,14.88
2016-01-19,8.66,22.68,9.67,10.59,15.29
2016-01-20,8.53,22.68,9.29,10.42,15.43
2016-01-21,8.35,22.68,8.52,9.94,15.25
2016-01-22,8.41,22.68,8.64,10.27,15.52
2016-01-25,8.39,22.68,8.94,10.54,15.53
2016-01-26,7.98,22.68,8.23,9.48,14.27
2016-01-27,7.99,22.68,8.44,9.39,14.28
2016-01-28,7.84,22.68,7.98,8.58,13.62
2016-01-29,8.09,22.68,8.37,8.99,14.1
2016-02-01,7.93,22.68,8.3,8.91,13.94
2016-02-02,8.05,22.68,8.52,9.24,14.3
2016-02-03,7.97,22.68,8.49,9.25,14.17
2016-02-04,8.05,22.68,8.59,10.17,14.36
2016-02-05,8.02,22.68,8.57,10.23,14.22
2016-02-15,7.92,22.68,8.36,10.82,13.94
2016-02-16,8.1,22.68,8.66,10.82,14.52
2016-02-17,8.21,22.68,8.8,10.82,14.79
2016-02-18,8.16,22.68,8.69,10.57,14.65
2016-02-19,8.12,22.68,8.68,10.56,14.84
2016-02-22,8.32,22.68,8.87,11.08,15.1
2016-02-23,8.19,22.68,8.77,11.41,14.9
2016-02-24,8.21,22.68,8.8,11.33,15.13
2016-02-25,7.82,22.68,7.95,10.78,13.9
2016-02-26,7.92,22.68,7.9,11.35,14.06
2016-02-29,7.73,22.68,7.29,11.42,13.45
2016-03-01,7.85,22.68,8.02,11.89,13.78
2016-03-02,8.17,22.68,8.47,13.07,14.77
2016-03-03,8.18,22.68,8.32,12.8,15.02
2016-03-04,8.41,22.68,8.07,12.54,14.81
2016-03-07,8.36,22.68,8.2,13.01,14.81
2016-03-08,8.32,22.68,8.47,12.42,14.81
2016-03-09,8.23,22.68,8.63,11.2,14.81
2016-03-10,8.21,22.68,9.12,10.85,14.81
2016-03-11,8.22,22.68,9.16,10.8,14.81
2016-03-14,8.3,22.68,9.35,11.04,14.81
2016-03-15,8.35,22.68,9.24,10.65,14.81
2016-03-16,8.37,22.68,9.24,10.45,14.81
2016-03-17,8.43,22.68,9.34,10.81,14.81
2016-03-18,8.53,22.68,10.01,11.37,14.81
2016-03-21,8.74,22.68,10.12,11.77,14.81
2016-03-22,8.67,22.68,10.14,11.77,14.81
2016-03-23,8.66,22.68,10.16,11.72,14.81
2016-03-24,8.51,22.68,10.15,11.14,14.81
2016-03-25,8.57,22.68,10.4,10.89,14.81
2016-03-28,8.48,22.68,10.96,10.97,14.81
2016-03-29,8.44,22.68,10.52,10.89,14.81
2016-03-30,8.66,22.68,11.0,11.23,14.81
2016-03-31,8.61,22.68,10.79,11.09,14.81
2016-04-01,8.62,22.68,10.76,11.45,14.81
2016-04-05,8.66,22.68,10.86,11.57,14.81
2016-04-06,8.67,22.68,10.83,11.35,14.81
2016-04-07,8.57,22.68,10.84,11.03,14.96
2016-04-08,8.55,22.68,10.56,10.68,14.26
2016-04-11,8.67,22.68,10.66,10.94,14.4
2016-04-12,8.63,22.68,10.36,10.77,14.06
2016-04-13,8.74,22.68,10.76,11.86,14.42
2016-04-14,8.77,22.68,10.83,11.91,14.58
2016-04-15,8.8,22.68,10.81,11.78,14.49
2016-04-18,8.68,22.68,10.81,11.44,14.19
2016-04-19,8.71,22.68,10.75,11.51,14.17
2016-04-20,8.51,22.68,10.43,10.98,13.65
2016-04-21,8.5,22.68,10.36,11.16,13.69
2016-04-22,8.53,22.68,10.33,10.83,13.77
2016-04-25,8.49,22.68,10.26,10.82,13.92
2016-04-26,8.57,22.68,10.72,10.77,13.97
2016-04-27,8.55,22.68,10.68,10.64,13.81
2016-04-28,8.62,22.68,10.69,10.41,13.83
2016-04-29,8.55,22.68,10.7,10.44,13.99
2016-05-03,8.64,22.68,10.81,10.73,14.36
2016-05-04,8.67,22.68,10.92,10.61,14.24
2016-05-05,8.67,22.68,10.99,10.69,14.34
2016-05-06,8.51,22.68,10.82,10.26,13.72
2016-05-09,8.37,22.68,10.62,9.53,13.35
2016-05-10,8.32,22.68,10.56,9.46,13.42
2016-05-11,8.39,22.68,10.86,9.33,13.39
2016-05-12,8.4,22.68,11.42,9.4,13.48
2016-05-13,8.37,22.68,11.64,9.34,13.36
2016-05-16,8.38,22.68,11.67,9.61,13.4
2016-05-17,8.33,22.68,11.39,9.53,13.27
2016-05-18,8.33,22.68,10.92,9.21,13.13
2016-05-19,8.29,22.68,10.96,9.26,13.01
2016-05-20,8.33,22.68,10.93,9.37,13.05
2016-05-23,8.32,22.68,11.48,9.43,13.11
2016-05-24,8.26,22.68,11.59,9.27,12.96
2016-05-25,8.28,22.68,11.33,9.31,13.07
2016-05-26,8.27,22.68,11.38,9.5,13.06
2016-05-27,8.31,22.68,11.4,9.4,13.07
2016-05-30,8.32,22.68,11.29,9.33,13.07
2016-05-31,8.53,22.68,11.54,9.76,13.55
2016-06-01,8.48,22.68,11.54,9.9,13.49
2016-06-02,8.46,22.68,11.53,10.13,13.55
2016-06-03,8.49,22.68,11.49,10.08,13.71
2016-06-06,8.5,22.68,11.58,10.1,13.74
2016-06-07,8.51,22.68,12.13,10.35,13.57
2016-06-08,8.49,22.68,12.15,10.11,13.58
2016-06-13,8.36,22.68,11.26,10.0,12.96
2016-06-14,8.41,22.68,11.58,9.93,12.98
2016-06-15,8.45,22.68,12.11,10.22,13.24
2016-06-16,8.45,22.68,11.94,10.29,13.08
2016-06-17,8.45,22.68,11.95,10.51,13.52
2016-06-20,8.47,22.68,11.38,10.26,13.44
2016-06-21,8.48,22.68,10.45,10.03,13.29
2016-06-22,8.6,22.68,10.43,10.24,13.47
2016-06-23,8.53,22.68,10.3,10.05,13.69
2016-06-24,8.45,22.68,10.06,9.82,13.4
2016-06-27,8.48,22.68,10.21,10.05,13.94
2016-06-28,8.5,22.68,10.31,10.15,14.18
2016-06-29,8.56,22.68,10.57,10.3,14.08
2016-06-30,8.57,22.68,10.87,10.37,14.1
2016-07-01,8.58,22.68,10.7,10.5,13.96
2016-07-04,8.68,20.41,10.83,11.55,14.18
2016-07-05,8.68,18.37,10.73,11.66,14.14
2016-07-06,8.66,18.38,10.78,12.04,14.12
2016-07-07,8.65,17.47,10.64,11.84,14.01
2016-07-08,8.61,17.4,10.56,11.65,13.94
2016-07-11,8.62,16.96,10.73,11.94,13.99
2016-07-12,8.75,16.82,10.75,12.24,14.5
2016-07-13,8.86,17.01,10.76,12.31,14.64
2016-07-14,8.81,16.67,10.74,12.08,14.53
2016-07-15,8.86,16.61,10.65,11.87,14.55
2016-07-18,8.91,16.18,10.53,11.85,15.0
2016-07-19,8.84,15.88,10.52,11.96,14.88
2016-07-20,8.83,15.85,10.55,11.75,15.02
2016-07-21,8.86,15.8,10.73,11.9,14.99
2016-07-22,8.81,16.14,10.52,11.78,14.72
2016-07-25,8.85,16.43,10.53,11.89,15.13
2016-07-26,8.98,16.5,10.44,11.9,15.15
2016-07-27,8.88,16.17,10.2,10.87,14.55
2016-07-28,8.95,16.63,10.01,10.81,14.81
2016-07-29,9.07,16.58,10.02,10.51,14.56
2016-08-01,9.14,16.61,9.87,10.61,14.21
2016-08-02,9.12,17.03,9.78,10.67,14.32
2016-08-03,9.05,17.29,9.68,10.72,14.32
2016-08-04,8.86,19.02,9.89,10.62,14.35
2016-08-05,8.91,20.26,9.99,10.56,14.45
2016-08-08,8.98,21.15,10.0,10.72,14.87
2016-08-09,9.02,21.25,9.97,10.74,14.84
2016-08-10,9.01,20.5,10.38,11.03,14.72
2016-08-11,9.09,20.03,9.68,10.68,14.65
2016-08-12,9.36,22.03,9.55,10.83,14.89
2016-08-15,9.54,24.24,9.64,11.08,15.18
2016-08-16,9.38,26.66,9.64,11.26,15.16
2016-08-17,9.41,25.0,9.62,11.15,15.03
2016-08-18,9.36,24.74,9.63,11.19,14.96
2016-08-19,9.37,23.78,9.79,11.11,14.89
2016-08-22,9.26,23.89,9.6,10.75,14.7
2016-08-23,9.26,23.89,9.57,10.8,14.7
2016-08-24,9.29,23.2,9.53,10.81,14.7
2016-08-25,9.3,22.77,9.35,10.67,14.7
2016-08-26,9.31,22.14,9.35,10.81,14.7
2016-08-29,9.28,22.16,9.35,10.77,14.66
2016-08-30,9.33,21.91,9.36,10.73,14.67
2016-08-31,9.35,24.11,9.44,10.8,14.68
2016-09-01,9.31,22.67,9.35,10.96,14.78
2016-09-02,9.31,22.99,9.33,10.99,14.67
2016-09-05,9.28,22.67,9.32,11.43,14.71
2016-09-06,9.27,22.55,9.33,11.41,14.94
2016-09-07,9.26,22.5,9.32,11.19,15.01
2016-09-08,9.26,22.84,9.32,11.19,15.11
2016-09-09,9.24,22.41,9.51,11.0,14.86
2016-09-12,9.03,22.73,9.25,10.33,14.49
2016-09-13,9.06,22.8,9.21,10.33,14.6
2016-09-14,8.93,22.8,9.13,10.31,14.5
2016-09-19,8.99,22.85,9.16,10.38,14.7
2016-09-20,8.95,22.84,9.11,10.39,14.76
2016-09-21,8.95,23.81,9.09,10.42,14.8
2016-09-22,9.03,26.11,9.1,10.41,14.85
2016-09-23,9.02,24.64,9.02,10.25,14.75
2016-09-26,8.91,23.87,9.21,9.94,14.52
2016-09-27,8.93,24.31,9.3,10.04,14.69
2016-09-28,8.92,24.95,9.49,9.97,14.7
2016-09-29,8.93,25.13,9.48,10.06,14.71
2016-09-30,8.94,25.31,9.68,10.13,14.78
2016-10-10,8.99,25.12,9.68,10.27,15.09
2016-10-11,9.02,25.37,9.68,10.26,15.12
2016-10-12,9.0,25.72,9.68,10.21,15.0
2016-10-13,8.94,25.93,9.68,10.22,14.94
2016-10-14,8.96,25.96,9.68,10.14,14.99
2016-10-17,8.92,25.14,9.68,10.17,14.73
2016-10-18,8.96,25.14,9.68,10.35,14.98
2016-10-19,8.95,24.98,9.68,10.32,14.92
2016-10-20,8.94,25.09,9.68,10.33,14.86
2016-10-21,9.0,24.42,9.68,10.25,14.96
2016-10-24,9.11,24.41,10.64,10.44,15.37
2016-10-25,9.08,24.19,10.94,10.77,15.43
2016-10-26,9.02,24.34,10.25,10.72,15.34
2016-10-27,9.03,23.95,10.3,10.64,15.39
2016-10-28,9.04,23.94,10.07,10.72,15.48
2016-10-31,9.02,24.1,9.8,10.8,15.3
2016-11-01,9.01,24.94,9.98,10.86,15.32
2016-11-02,8.94,24.08,10.14,10.68,15.38
2016-11-03,9.0,24.05,10.09,10.84,15.43
2016-11-04,8.98,23.78,9.86,10.74,15.44
2016-11-07,8.99,23.37,9.88,11.16,15.63
2016-11-08,9.02,23.42,9.86,11.02,16.32
2016-11-09,8.94,25.43,9.62,11.09,16.2
2016-11-10,9.01,25.69,9.76,11.46,16.35
2016-11-11,9.05,25.13,10.03,12.6,16.84
2016-11-14,9.09,24.85,10.09,12.79,16.65
2016-11-15,9.1,26.05,10.08,12.71,16.77
2016-11-16,9.1,25.8,10.08,12.52,16.44
2016-11-17,9.08,26.11,10.07,12.32,16.6
2016-11-18,9.05,26.81,10.09,12.28,16.22
2016-11-21,9.11,26.5,10.08,12.48,16.41
2016-11-22,9.22,26.4,10.22,12.97,16.73
2016-11-23,9.31,26.32,10.05,12.65,16.65
2016-11-24,9.33,26.04,10.01,12.95,16.95
2016-11-25,9.48,26.31,10.08,12.89,17.32
2016-11-28,9.49,25.51,10.3,13.89,17.17
2016-11-29,9.48,25.3,10.22,13.32,16.9
2016-11-30,9.41,26.09,10.05,12.52,16.84
2016-12-01,9.46,26.08,10.03,12.67,17.54
2016-12-02,9.41,25.58,9.94,12.2,17.14
2016-12-05,9.32,24.66,10.02,12.39,16.33
2016-12-06,9.35,24.54,10.04,12.18,16.29
2016-12-07,9.34,24.31,10.09,12.82,16.38
2016-12-08,9.38,23.93,9.98,12.9,16.32
2016-12-09,9.51,23.99,9.96,13.08,16.29
2016-12-12,9.36,22.49,9.28,12.44,15.56
2016-12-13,9.28,22.3,9.62,12.66,15.6
2016-12-14,9.26,21.56,9.45,12.71,15.49
2016-12-15,9.12,21.6,9.52,12.88,15.26
2016-12-16,9.12,21.72,9.39,12.47,15.5
2016-12-19,9.07,20.41,9.65,11.94,15.58
2016-12-20,8.98,19.66,9.54,11.62,15.48
2016-12-21,9.03,19.81,9.44,11.71,15.86
2016-12-22,9.01,19.93,9.42,11.57,15.94
2016-12-23,8.95,19.63,9.28,11.37,15.5
2016-12-26,8.99,19.97,9.29,11.06,15.93
2016-12-27,8.95,20.72,9.3,11.13,15.99
2016-12-28,8.93,20.5,9.39,11.18,15.71
2016-12-29,8.95,20.15,9.39,11.11,15.81
2016-12-30,8.97,19.87,9.31,11.08,15.95
2017-01-03,9.03,20.05,9.33,11.22,16.2
2017-01-04,9.03,20.16,9.38,11.35,16.15
2017-01-05,9.04,20.24,9.4,11.43,15.88
2017-01-06,9.0,19.96,9.47,11.29,15.63
2017-01-09,9.02,19.98,9.52,11.37,15.05
2017-01-10,9.02,19.9,9.46,11.71,15.0
2017-01-11,9.01,19.73,9.35,11.46,14.93
2017-01-12,9.02,19.73,9.35,11.2,15.17
2017-01-13,9.03,21.09,9.2,10.88,14.9
2017-01-16,9.01,20.31,8.74,10.79,14.64
2017-01-17,9.02,20.12,8.68,10.77,14.79
2017-01-18,9.04,20.23,8.59,10.88,14.99
2017-01-19,9.05,19.92,8.54,10.9,14.86
2017-01-20,9.09,20.0,8.63,10.93,14.98
2017-01-23,9.09,20.06,8.71,11.33,14.99
2017-01-24,9.13,20.01,8.67,11.32,15.08
2017-01-25,9.12,19.93,8.62,11.48,15.29
2017-01-26,9.19,20.0,8.7,11.93,15.15
2017-02-03,9.12,20.0,8.63,11.6,15.0
2017-02-06,9.17,20.03,8.63,11.49,15.07
2017-02-07,9.16,19.96,8.65,11.54,14.93
2017-02-08,9.16,20.01,8.65,11.68,14.99
2017-02-09,9.17,20.12,8.73,11.66,15.15
2017-02-10,9.19,19.98,8.78,12.04,15.21
2017-02-13,9.27,20.09,8.81,12.26,15.27
2017-02-14,9.26,20.22,8.76,12.46,15.51
2017-02-15,9.31,19.99,8.8,12.11,15.37
2017-02-16,9.32,20.0,8.79,12.09,15.4
2017-02-17,9.25,19.86,8.71,11.9,15.18
2017-02-20,9.42,19.93,8.75,12.1,15.68
2017-02-21,9.43,20.29,8.78,12.17,15.71
2017-02-22,9.43,20.21,8.77,12.08,15.52
2017-02-23,9.37,20.11,8.75,12.12,15.66
2017-02-24,9.36,20.04,8.77,11.63,15.59
2017-02-27,9.29,19.84,8.74,11.36,15.65
2017-02-28,9.34,19.85,8.75,11.45,15.8
2017-03-01,9.35,19.83,8.72,11.59,15.75
2017-03-02,9.29,19.67,8.69,11.54,15.62
2017-03-03,9.26,19.54,8.62,11.33,15.57
2017-03-06,9.31,19.55,8.71,11.4,15.56
2017-03-07,9.31,19.59,8.73,11.32,15.28
2017-03-08,9.28,20.04,8.72,11.31,15.28
2017-03-09,9.24,19.84,8.62,11.12,15.28
2017-03-10,9.26,19.92,8.56,11.2,15.28
2017-03-13,9.3,20.03,8.66,11.47,15.28
2017-03-14,9.3,20.86,8.59,11.34,15.28
2017-03-15,9.34,20.59,8.54,11.37,15.28
2017-03-16,9.38,20.57,8.6,11.53,16.81
2017-03-17,9.17,20.83,8.51,11.29,17.16
2017-03-20,9.12,20.43,8.47,11.38,17.22
2017-03-21,9.11,20.48,8.45,11.33,17.05
2017-03-22,9.03,20.38,8.43,11.27,17.3
2017-03-23,9.07,20.74,8.45,11.42,17.4
2017-03-24,9.06,20.78,8.6,11.36,17.9
2017-03-27,9.01,20.5,8.58,11.17,17.53
2017-03-28,8.99,20.57,8.54,11.16,17.51
2017-03-29,8.98,20.32,8.47,11.26,17.05
2017-03-30,8.95,19.85,8.63,11.01,17.0
2017-03-31,9.04,19.9,8.73,11.07,16.96
2017-04-05,9.08,19.9,8.88,11.32,17.33
2017-04-06,9.07,20.11,9.18,11.27,17.29
2017-04-07,9.07,20.12,9.07,11.32,17.26
2017-04-10,9.05,19.92,8.88,11.09,17.35
2017-04-11,9.02,20.02,9.04,11.17,17.3
2017-04-12,8.99,20.33,8.87,11.11,17.05
2017-04-13,8.99,20.25,8.8,11.08,16.96
2017-04-14,8.95,19.96,8.81,10.92,16.79
2017-04-17,8.97,19.88,8.87,10.92,16.85
2017-04-18,8.92,19.8,8.78,10.77,16.85
2017-04-19,8.78,19.85,8.69,10.54,17.25
2017-04-20,8.79,19.95,8.69,10.56,17.25
2017-04-21,8.84,20.0,8.74,10.45,17.25
2017-04-24,8.8,19.76,8.63,9.97,17.25
2017-04-25,8.87,19.87,8.61,9.96,17.66
2017-04-26,8.86,19.69,8.42,10.13,17.92
2017-04-27,8.84,19.11,8.21,10.19,17.87
2017-04-28,8.86,18.86,8.07,10.22,17.76
2017-05-02,8.81,18.57,7.97,10.19,17.64
2017-05-03,8.78,18.24,7.91,10.08,17.82
2017-05-04,8.61,18.39,7.87,9.89,17.83
2017-05-05,8.5,18.27,7.53,9.82,17.6
2017-05-08,8.45,17.86,7.3,9.86,17.03
2017-05-09,8.51,18.01,7.32,10.03,17.16
2017-05-10,8.54,18.06,7.35,9.69,16.81
2017-05-11,8.57,18.61,7.41,9.63,17.3
2017-05-12,8.77,18.76,7.34,9.56,17.24
2017-05-15,8.73,18.7,7.35,9.6,17.44
2017-05-16,8.71,18.6,7.37,9.8,18.94
2017-05-17,8.64,18.51,7.39,9.78,18.97
2017-05-18,8.6,18.41,7.35,9.67,19.04
2017-05-19,8.56,18.54,7.35,9.77,19.12
2017-05-22,8.55,18.44,7.24,9.88,19.0
2017-05-23,8.66,18.6,7.07,9.58,19.0
2017-05-24,8.68,18.56,6.97,9.67,18.98
2017-05-25,8.97,19.83,7.17,9.96,19.92
2017-05-26,8.97,19.87,7.14,9.89,19.38
2017-05-31,9.07,20.56,7.08,9.84,19.53
2017-06-01,9.06,20.4,7.0,9.61,19.55
2017-06-02,9.04,20.26,7.11,9.75,19.75
2017-06-05,8.9,20.41,7.12,9.87,19.62
2017-06-06,8.91,20.18,7.14,9.87,19.81
2017-06-07,9.0,20.18,7.26,10.01,20.59
2017-06-08,9.0,20.18,7.25,10.01,20.63
2017-06-09,9.02,20.18,7.3,9.97,20.98
2017-06-12,8.98,20.99,7.26,9.86,20.99
2017-06-13,8.99,21.28,7.3,10.66,20.95
2017-06-14,8.95,20.65,7.34,10.47,20.79
2017-06-15,8.91,20.35,7.35,10.52,21.3
2017-06-16,8.89,20.25,7.35,10.59,21.44
2017-06-19,9.0,20.29,7.41,10.69,21.61
2017-06-20,8.99,20.34,7.39,10.63,21.86
2017-06-21,9.02,20.35,7.37,10.54,22.81
2017-06-22,9.12,21.16,7.24,10.54,22.4
2017-06-23,9.12,23.28,7.19,10.89,23.55
2017-06-26,9.16,25.61,7.39,10.97,23.85
2017-06-27,9.22,24.7,7.33,11.07,23.97
2017-06-28,9.29,24.18,7.27,11.17,23.83
2017-06-29,9.29,24.33,7.25,11.14,23.97
2017-06-30,9.25,24.15,7.28,11.17,23.74
2017-07-03,9.26,23.76,7.28,11.36,22.6
2017-07-04,9.2,23.07,7.36,11.13,22.64
2017-07-05,9.23,23.73,7.34,11.33,23.52
2017-07-06,9.26,23.42,7.43,11.42,23.25
2017-07-07,9.33,23.85,7.44,11.58,23.19
2017-07-10,9.45,23.63,7.49,11.58,22.45
2017-07-11,10.1,23.94,7.47,11.18,22.61
2017-07-12,10.19,24.62,7.35,11.51,23.41
2017-07-13,10.74,23.63,7.36,11.53,23.22
2017-07-14,10.74,23.78,7.33,11.36,23.97
2017-07-17,10.65,23.78,7.21,11.07,22.9
2017-07-18,10.89,24.47,7.25,11.32,22.07
2017-07-19,10.93,24.31,7.46,11.84,22.67
2017-07-20,10.81,24.52,7.55,11.89,23.58
2017-07-21,10.89,23.96,7.69,12.04,23.66
2017-07-24,10.95,23.02,7.7,12.06,23.97
2017-07-25,11.0,22.49,7.53,12.15,23.12
2017-07-26,10.74,22.65,7.59,12.1,22.92
2017-07-27,10.59,22.24,7.56,11.73,22.75
2017-07-28,10.74,22.85,7.52,11.84,23.25
2017-07-31,10.67,22.6,7.54,12.35,22.95
2017-08-01,11.04,22.65,7.59,12.12,22.82
2017-08-02,11.15,22.8,7.52,12.13,22.85
2017-08-03,11.01,22.35,7.5,12.56,22.14
2017-08-04,11.17,22.09,7.5,12.31,21.84
2017-08-07,11.0,21.96,7.51,12.6,22.12
2017-08-08,11.05,22.02,7.72,12.73,22.28
2017-08-09,10.73,22.19,7.7,13.21,22.68
2017-08-10,10.62,22.05,7.64,12.67,22.48
2017-08-11,10.02,21.3,7.75,11.64,21.88
2017-08-14,10.22,21.23,8.15,11.77,21.77
2017-08-15,10.31,21.3,7.96,11.85,21.84
2017-08-16,10.34,21.14,8.09,11.92,22.43
2017-08-17,10.42,21.2,8.03,12.61,22.95
2017-08-18,10.44,22.07,8.0,12.66,23.25
2017-08-21,10.46,21.88,8.19,12.85,23.03
2017-08-22,10.65,22.45,8.11,12.67,22.87
2017-08-23,10.9,22.48,8.05,12.21,22.86
2017-08-24,10.93,22.33,8.1,12.03,22.82
2017-08-25,11.11,22.44,8.11,12.56,22.91
2017-08-28,11.35,23.22,8.15,12.67,23.69
2017-08-29,11.67,23.36,7.99,12.52,23.72
2017-08-30,11.43,23.24,8.02,12.85,24.03
2017-08-31,11.28,23.23,8.06,12.97,23.86
2017-09-01,11.21,22.88,7.98,13.1,23.68
2017-09-04,11.72,22.96,8.05,13.36,24.39
2017-09-05,11.64,23.76,8.26,13.14,24.36
2017-09-06,11.7,23.8,8.16,12.88,24.95
2017-09-07,11.44,25.97,8.23,12.68,24.46
2017-09-08,11.49,25.79,8.36,12.74,25.35
2017-09-11,11.38,25.28,8.43,12.93,25.3
2017-09-12,11.54,25.26,8.39,12.88,24.94
2017-09-13,11.43,25.76,8.32,13.01,24.93
2017-09-14,11.32,27.56,8.46,12.56,24.55
2017-09-15,11.29,29.3,8.95,12.26,24.62
2017-09-18,11.25,28.04,8.95,12.44,24.94
2017-09-19,11.13,28.77,9.26,12.32,24.52
2017-09-20,11.29,28.73,9.2,12.8,24.78
2017-09-21,11.46,28.4,9.14,12.36,24.97
2017-09-22,11.44,27.81,9.1,12.08,26.7
2017-09-25,11.29,26.12,8.92,11.92,26.25
2017-09-26,11.05,26.76,8.74,12.15,26.58
2017-09-27,10.93,26.84,8.62,12.23,28.02
2017-09-28,10.88,26.41,8.62,12.01,28.15
2017-09-29,11.11,26.25,9.03,12.09,28.3
2017-10-09,11.3,26.47,9.11,12.34,29.98
2017-10-10,11.47,26.59,9.17,12.14,30.1
2017-10-11,11.53,26.87,9.05,12.01,28.89
2017-10-12,11.55,27.1,9.12,11.83,29.17
2017-10-13,11.36,26.93,9.0,11.85,29.5
2017-10-16,11.59,26.31,9.2,11.97,30.45
2017-10-17,11.51,26.21,9.19,11.63,30.46
2017-10-18,11.69,26.43,9.22,11.49,30.63
2017-10-19,11.63,26.05,9.05,11.26,28.38
2017-10-20,11.48,26.16,8.94,11.43,28.66
2017-10-23,11.19,25.93,8.87,11.43,28.49
2017-10-24,11.39,27.0,8.88,11.46,27.72
2017-10-25,11.27,27.43,8.92,11.51,28.27
2017-10-26,11.18,27.53,9.46,11.59,30.0
2017-10-27,11.56,27.5,9.23,11.36,30.08
2017-10-30,11.56,28.98,9.29,11.0,31.5
2017-10-31,11.54,28.96,9.18,11.09,32.29
2017-11-01,11.4,29.15,9.16,11.11,31.58
2017-11-02,11.54,29.45,9.17,11.04,32.12
2017-11-03,11.39,28.19,9.24,10.8,32.75
2017-11-06,11.28,27.46,9.19,10.91,34.0
2017-11-07,11.92,27.85,9.11,11.0,33.65
2017-11-08,12.13,27.64,8.96,10.95,32.81
2017-11-09,12.33,27.67,8.91,10.98,34.94
2017-11-10,12.3,27.51,9.01,10.77,35.26
2017-11-13,12.9,27.06,8.91,10.91,36.59
2017-11-14,12.95,28.5,8.93,10.88,36.57
2017-11-15,12.9,28.44,9.07,10.53,36.02
2017-11-16,13.1,28.94,8.97,10.48,37.9
2017-11-17,13.18,28.9,8.84,10.12,36.05
2017-11-20,14.25,28.9,8.9,10.26,39.25
2017-11-21,14.45,31.79,8.85,10.27,40.04
2017-11-22,15.1,32.5,8.88,10.42,40.15
2017-11-23,14.35,31.3,8.84,10.29,38.81
2017-11-24,14.56,31.8,8.57,10.57,38.18
2017-11-27,13.93,31.52,8.28,10.46,34.36
2017-11-28,13.7,30.75,8.34,10.64,35.52
2017-11-29,13.82,33.82,8.35,10.97,34.22
2017-11-30,13.38,31.22,8.48,10.83,33.08
2017-12-01,13.0,30.73,8.59,10.92,33.56
2017-12-04,13.3,30.85,8.53,10.86,34.92
2017-12-05,13.3,31.03,8.54,10.45,34.02
2017-12-06,13.08,30.77,8.5,10.45,34.57
2017-12-07,12.83,29.95,8.3,10.39,33.86
2017-12-08,13.09,29.82,8.45,10.48,35.31
2017-12-11,13.5,29.93,8.6,10.55,37.27
2017-12-12,13.02,29.57,8.38,10.4,37.09
2017-12-13,13.13,29.94,8.3,10.44,38.1
2017-12-14,13.0,30.11,8.31,10.34,38.29
2017-12-15,12.72,29.11,8.34,10.29,37.0
2017-12-18,12.75,28.46,8.42,10.54,34.97
2017-12-19,13.28,29.16,8.51,10.53,35.66
2017-12-20,13.26,28.6,8.52,10.36,35.39
2017-12-21,13.54,29.72,8.47,10.51,37.85
2017-12-22,13.52,29.85,8.51,10.54,38.07
2017-12-25,13.25,30.37,8.52,10.45,37.21
2017-12-26,13.66,30.5,8.75,10.56,37.2
2017-12-27,13.29,30.79,8.72,10.59,36.18
2017-12-28,13.21,30.7,8.66,11.08,36.22
2017-12-29,13.3,31.06,8.75,11.17,36.36
